core,substituents,cid,tid,smiles,analogue_series_id
C#CCN1CCC(CN(S(=O)(=O)c2ccc3ccccc3c2)[*:1])CC1,[*:1],CHEMBL3891772,CHEMBL1914,C#CCN1CCC(CNS(=O)(=O)c2ccc3ccccc3c2)CC1,0
C#CCN1CCC(CN(S(=O)(=O)c2ccc3ccccc3c2)[*:1])CC1,COCCC[*:1],CHEMBL3918754,CHEMBL1914,C#CCN1CCC(CN(CCCOC)S(=O)(=O)c2ccc3ccccc3c2)CC1,0
C#CCN1CCC(CN(S(=O)(=O)c2ccc3ccccc3c2)[*:1])CC1,COCC[*:1],CHEMBL3960783,CHEMBL1914,C#CCN1CCC(CN(CCOC)S(=O)(=O)c2ccc3ccccc3c2)CC1,0
C#CCN1CCC(CCc2cccc(OC(=O)[*:1])c2)CC1,CCN(C)[*:1],CHEMBL5218952,CHEMBL1914,C#CCN1CCC(CCc2cccc(OC(=O)N(C)CC)c2)CC1,1
C#CCN1CCC(CCc2cccc(OC(=O)[*:1])c2)CC1,c1ccc(N[*:1])cc1,CHEMBL5220219,CHEMBL1914,C#CCN1CCC(CCc2cccc(OC(=O)Nc3ccccc3)c2)CC1,1
COCCN(CC1CCN([*:1])CC1)C(=O)c1ccc2ccccc2c1,C#CC[*:1],CHEMBL3952086,CHEMBL1914,C#CCN1CCC(CN(CCOC)C(=O)c2ccc3ccccc3c2)CC1,2
COCCN(CC1CCN([*:1])CC1)C(=O)c1ccc2ccccc2c1,c1ccc(C[*:1])cc1,CHEMBL4077386,CHEMBL1914,COCCN(CC1CCN(Cc2ccccc2)CC1)C(=O)c1ccc2ccccc2c1,2
O=C(c1ccc2ccccc2c1)N(CC[*:1])CC1CCCN([*:2])C1,C#CC[*:2].CO[*:1],CHEMBL3964515,CHEMBL1914,C#CCN1CCCC(CN(CCOC)C(=O)c2ccc3ccccc3c2)C1,3
O=C(c1ccc2ccccc2c1)N(CC[*:1])CC1CCCN([*:2])C1,CN[*:1].c1ccc2c(c1)CC([*:2])C2,CHEMBL4068039,CHEMBL1914,CNCCN(CC1CCCN(C2Cc3ccccc3C2)C1)C(=O)c1ccc2ccccc2c1,3
O=C(c1ccc2ccccc2c1)N(CC[*:1])CC1CCCN([*:2])C1,CO[*:1].c1ccc2c(c1)CC([*:2])C2,CHEMBL3338391_CHEMBL3338394_CHEMBL3338395,CHEMBL1914,COCCN(CC1CCCN(C2Cc3ccccc3C2)C1)C(=O)c1ccc2ccccc2c1,3
O=C(c1ccc2ccccc2c1)N(CC[*:1])CC1CCCN([*:2])C1,CO[*:1].c1ccc(C[*:2])cc1,CHEMBL4060562,CHEMBL1914,COCCN(CC1CCCN(Cc2ccccc2)C1)C(=O)c1ccc2ccccc2c1,3
O=C(CN[*:1])Nc1ccc2nc3n(c(=O)c2c1)CCC3,C#CC[*:1],CHEMBL4212275,CHEMBL1914,C#CCNCC(=O)Nc1ccc2nc3n(c(=O)c2c1)CCC3,4
O=C(CN[*:1])Nc1ccc2nc3n(c(=O)c2c1)CCC3,C=CC[*:1],CHEMBL4212713,CHEMBL1914,C=CCNCC(=O)Nc1ccc2nc3n(c(=O)c2c1)CCC3,4
O=C(CN[*:1])Nc1ccc2nc3n(c(=O)c2c1)CCC3,C=CCC[*:1],CHEMBL4217666,CHEMBL1914,C=CCCNCC(=O)Nc1ccc2nc3n(c(=O)c2c1)CCC3,4
O=C(CN[*:1])Nc1ccc2nc3n(c(=O)c2c1)CCC3,CC(C)=CC[*:1],CHEMBL4207386,CHEMBL1914,CC(C)=CCNCC(=O)Nc1ccc2nc3n(c(=O)c2c1)CCC3,4
O=C(CN[*:1])Nc1ccc2nc3n(c(=O)c2c1)CCC3,CCCCCCCC[*:1],CHEMBL4203988,CHEMBL1914,CCCCCCCCNCC(=O)Nc1ccc2nc3n(c(=O)c2c1)CCC3,4
O=C(CN[*:1])Nc1ccc2nc3n(c(=O)c2c1)CCC3,CCCCCC[*:1],CHEMBL4217746,CHEMBL1914,CCCCCCNCC(=O)Nc1ccc2nc3n(c(=O)c2c1)CCC3,4
O=C(CN[*:1])Nc1ccc2nc3n(c(=O)c2c1)CCC3,CCCC[*:1],CHEMBL4208322,CHEMBL1914,CCCCNCC(=O)Nc1ccc2nc3n(c(=O)c2c1)CCC3,4
O=C(CN[*:1])Nc1ccc2nc3n(c(=O)c2c1)CCC3,CCC[*:1],CHEMBL4213147,CHEMBL1914,CCCNCC(=O)Nc1ccc2nc3n(c(=O)c2c1)CCC3,4
O=C(CN[*:1])Nc1ccc2nc3n(c(=O)c2c1)CCC3,CC[*:1],CHEMBL4209420,CHEMBL1914,CCNCC(=O)Nc1ccc2nc3n(c(=O)c2c1)CCC3,4
O=C(CN[*:1])Nc1ccc2nc3n(c(=O)c2c1)CCC3,Cc1ccccc1C[*:1],CHEMBL4210517,CHEMBL1914,Cc1ccccc1CNCC(=O)Nc1ccc2nc3n(c(=O)c2c1)CCC3,4
O=C(CN[*:1])Nc1ccc2nc3n(c(=O)c2c1)CCC3,N#Cc1ccccc1C[*:1],CHEMBL4202749,CHEMBL1914,N#Cc1ccccc1CNCC(=O)Nc1ccc2nc3n(c(=O)c2c1)CCC3,4
O=C(CN[*:1])Nc1ccc2nc3n(c(=O)c2c1)CCC3,Fc1cc(F)cc(C[*:1])c1,CHEMBL4207101,CHEMBL1914,O=C(CNCc1cc(F)cc(F)c1)Nc1ccc2nc3n(c(=O)c2c1)CCC3,4
O=C(CN[*:1])Nc1ccc2nc3n(c(=O)c2c1)CCC3,c1ccc(C[*:1])cc1,CHEMBL4214932,CHEMBL1914,O=C(CNCc1ccccc1)Nc1ccc2nc3n(c(=O)c2c1)CCC3,4
O=C(CN[*:1])Nc1ccc2nc3n(c(=O)c2c1)CCC3,c1ccc(CCC[*:1])cc1,CHEMBL4210020,CHEMBL1914,O=C(CNCCCc1ccccc1)Nc1ccc2nc3n(c(=O)c2c1)CCC3,4
O=C(CN[*:1])Nc1ccc2nc3n(c(=O)c2c1)CCC3,Fc1ccccc1C[*:1],CHEMBL4205651,CHEMBL1914,O=C(CNCc1ccccc1F)Nc1ccc2nc3n(c(=O)c2c1)CCC3,4
C(=NNc1c2c(nc3ccccc13)CCCC2)c1ccc(O[*:1])cc1,C#CC[*:1],CHEMBL4542112,CHEMBL1914,C#CCOc1ccc(C=NNc2c3c(nc4ccccc24)CCCC3)cc1,5
C(=NNc1c2c(nc3ccccc13)CCCC2)c1ccc(O[*:1])cc1,c1ccc(-n2cc(C[*:1])nn2)cc1,CHEMBL4445026,CHEMBL1914,C(=NNc1c2c(nc3ccccc13)CCCC2)c1ccc(OCc2cn(-c3ccccc3)nn2)cc1,5
C#CCN1CCCC(CN(S(=O)(=O)c2ccc3ccccc3c2)[*:1])C1,[*:1],CHEMBL3943366,CHEMBL1914,C#CCN1CCCC(CNS(=O)(=O)c2ccc3ccccc3c2)C1,6
C#CCN1CCCC(CN(S(=O)(=O)c2ccc3ccccc3c2)[*:1])C1,COCCC[*:1],CHEMBL3971906,CHEMBL1914,C#CCN1CCCC(CN(CCCOC)S(=O)(=O)c2ccc3ccccc3c2)C1,6
C#CCN1CCCC(CN(S(=O)(=O)c2ccc3ccccc3c2)[*:1])C1,COCC[*:1],CHEMBL3900751,CHEMBL1914,C#CCN1CCCC(CN(CCOC)S(=O)(=O)c2ccc3ccccc3c2)C1,6
COCCCN(CC1CCCN([*:1])C1)C(=O)c1ccc2ccccc2c1,C#CC[*:1],CHEMBL3924905,CHEMBL1914,C#CCN1CCCC(CN(CCCOC)C(=O)c2ccc3ccccc3c2)C1,7
COCCCN(CC1CCCN([*:1])C1)C(=O)c1ccc2ccccc2c1,c1ccc2c(c1)CC([*:1])C2,CHEMBL4097939,CHEMBL1914,COCCCN(CC1CCCN(C2Cc3ccccc3C2)C1)C(=O)c1ccc2ccccc2c1,7
S=C(NNc1c2c(nc3ccccc13)CCCC2)[*:1],C=CCN[*:1],CHEMBL4556651,CHEMBL1914,C=CCNC(=S)NNc1c2c(nc3ccccc13)CCCC2,8
S=C(NNc1c2c(nc3ccccc13)CCCC2)[*:1],COc1ccc(N[*:1])cc1,CHEMBL4525409,CHEMBL1914,COc1ccc(NC(=S)NNc2c3c(nc4ccccc24)CCCC3)cc1,8
S=C(NNc1c2c(nc3ccccc13)CCCC2)[*:1],Brc1ccc(N[*:1])cc1,CHEMBL4435178,CHEMBL1914,S=C(NNc1c2c(nc3ccccc13)CCCC2)Nc1ccc(Br)cc1,8
S=C(NNc1c2c(nc3ccccc13)CCCC2)[*:1],Clc1ccc(N[*:1])cc1,CHEMBL4435058,CHEMBL1914,S=C(NNc1c2c(nc3ccccc13)CCCC2)Nc1ccc(Cl)cc1,8
S=C(NNc1c2c(nc3ccccc13)CCCC2)[*:1],c1ccc(CN[*:1])cc1,CHEMBL4458648,CHEMBL1914,S=C(NCc1ccccc1)NNc1c2c(nc3ccccc13)CCCC2,8
S=C(NNc1c2c(nc3ccccc13)CCCC2)[*:1],c1ccc(N[*:1])cc1,CHEMBL4580216,CHEMBL1914,S=C(NNc1c2c(nc3ccccc13)CCCC2)Nc1ccccc1,8
Cc1ccc(OCc2nc(CN(CC(C)C)[*:1])cs2)cc1,CC(=O)[*:1],CHEMBL5191237,CHEMBL1914,CC(=O)N(Cc1csc(COc2ccc(C)cc2)n1)CC(C)C,9
Cc1ccc(OCc2nc(CN(CC(C)C)[*:1])cs2)cc1,CCC(=O)[*:1],CHEMBL5205279,CHEMBL1914,CCC(=O)N(Cc1csc(COc2ccc(C)cc2)n1)CC(C)C,9
Cc1ccc(OCc2nc(CN(CC(C)C)[*:1])cs2)cc1,CCCC(=O)[*:1],CHEMBL5169370,CHEMBL1914,CCCC(=O)N(Cc1csc(COc2ccc(C)cc2)n1)CC(C)C,9
Cc1ccc(OCc2nc(CN(CC(C)C)[*:1])cs2)cc1,CCCCCC(=O)[*:1],CHEMBL5198651,CHEMBL1914,CCCCCC(=O)N(Cc1csc(COc2ccc(C)cc2)n1)CC(C)C,9
Cc1ccc(OCc2nc(CN(CC(C)C)[*:1])cs2)cc1,COc1cccc(C(=O)[*:1])c1,CHEMBL5203782,CHEMBL1914,COc1cccc(C(=O)N(Cc2csc(COc3ccc(C)cc3)n2)CC(C)C)c1,9
Cc1ccc(OCc2nc(CN(CC(C)C)[*:1])cs2)cc1,O=C(c1c(F)cccc1F)[*:1],CHEMBL5204627,CHEMBL1914,Cc1ccc(OCc2nc(CN(CC(C)C)C(=O)c3c(F)cccc3F)cs2)cc1,9
Cc1ccc(OCc2nc(CN(CC(C)C)[*:1])cs2)cc1,O=C(c1ccc(Cl)cc1)[*:1],CHEMBL5202706,CHEMBL1914,Cc1ccc(OCc2nc(CN(CC(C)C)C(=O)c3ccc(Cl)cc3)cs2)cc1,9
Cc1ccc(OCc2nc(CN(CC(C)C)[*:1])cs2)cc1,Cc1ccc(C(=O)[*:1])cc1,CHEMBL5181368,CHEMBL1914,Cc1ccc(OCc2nc(CN(CC(C)C)C(=O)c3ccc(C)cc3)cs2)cc1,9
Cc1ccc(OCc2nc(CN(CC(C)C)[*:1])cs2)cc1,Cc1cccc(C(=O)[*:1])c1,CHEMBL5175228,CHEMBL1914,Cc1ccc(OCc2nc(CN(CC(C)C)C(=O)c3cccc(C)c3)cs2)cc1,9
Cc1ccc(OCc2nc(CN(CC(C)C)[*:1])cs2)cc1,O=C(c1ccc(F)cc1)[*:1],CHEMBL5179257,CHEMBL1914,Cc1ccc(OCc2nc(CN(CC(C)C)C(=O)c3ccc(F)cc3)cs2)cc1,9
Cc1ccc(OCc2nc(CN(CC(C)C)[*:1])cs2)cc1,O=C(c1cccc(F)c1)[*:1],CHEMBL5179814,CHEMBL1914,Cc1ccc(OCc2nc(CN(CC(C)C)C(=O)c3cccc(F)c3)cs2)cc1,9
Cc1ccc(OCc2nc(CN(CC(C)C)[*:1])cs2)cc1,O=C(c1ccccc1)[*:1],CHEMBL5171673,CHEMBL1914,Cc1ccc(OCc2nc(CN(CC(C)C)C(=O)c3ccccc3)cs2)cc1,9
Cc1ccc(OCc2nc(CN(CC(C)C)[*:1])cs2)cc1,Cc1ccccc1C(=O)[*:1],CHEMBL5199688,CHEMBL1914,Cc1ccc(OCc2nc(CN(CC(C)C)C(=O)c3ccccc3C)cs2)cc1,9
Cc1ccc(OCc2nc(CN(CC(C)C)[*:1])cs2)cc1,O=C(c1ccccc1Cl)[*:1],CHEMBL5201547,CHEMBL1914,Cc1ccc(OCc2nc(CN(CC(C)C)C(=O)c3ccccc3Cl)cs2)cc1,9
Cc1ccc(OCc2nc(CN(CC(C)C)[*:1])cs2)cc1,O=C(c1ccccc1F)[*:1],CHEMBL5188688,CHEMBL1914,Cc1ccc(OCc2nc(CN(CC(C)C)C(=O)c3ccccc3F)cs2)cc1,9
Cc1ccc(OCc2nc(CN(CC(C)C)[*:1])cs2)cc1,O=C(c1cccc(Cl)c1)[*:1],CHEMBL5188242,CHEMBL1914,Cc1ccc(OCc2nc(CN(CC(C)C)C(=O)c3cccc(Cl)c3)cs2)cc1,9
Cc1ccc(OCc2nc(CN(CC(C)C)[*:1])cs2)cc1,O=C(c1cccs1)[*:1],CHEMBL5189980,CHEMBL1914,Cc1ccc(OCc2nc(CN(CC(C)C)C(=O)c3cccs3)cs2)cc1,9
Cc1ccc(OCc2nc(CN(CC(C)C)[*:1])cs2)cc1,O=C(c1ccco1)[*:1],CHEMBL5170728,CHEMBL1914,Cc1ccc(OCc2nc(CN(CC(C)C)C(=O)c3ccco3)cs2)cc1,9
COc1ccc2nc3c(c(NCCC[*:1])c2c1)CCCC3,C=C[*:1],CHEMBL1917825,CHEMBL1914,C=CCCCNc1c2c(nc3ccc(OC)cc13)CCCC2,10
COc1ccc2nc3c(c(NCCC[*:1])c2c1)CCCC3,CCCC[*:1],CHEMBL1257767_CHEMBL1618106,CHEMBL1914,CCCCCCCNc1c2c(nc3ccc(OC)cc13)CCCC2,10
COc1ccc2nc3c(c(NCCC[*:1])c2c1)CCCC3,CCC[*:1],CHEMBL1257885_CHEMBL1618217,CHEMBL1914,CCCCCCNc1c2c(nc3ccc(OC)cc13)CCCC2,10
O=C(NCC1CCN(Cc2ccccc2)CC1)C(Cn1cc(-c2ccccc2)nn1)N[*:1],[*:1],CHEMBL4520568,CHEMBL1914,NC(Cn1cc(-c2ccccc2)nn1)C(=O)NCC1CCN(Cc2ccccc2)CC1,11
O=C(NCC1CCN(Cc2ccccc2)CC1)C(Cn1cc(-c2ccccc2)nn1)N[*:1],CC(=O)[*:1],CHEMBL4464964,CHEMBL1914,CC(=O)NC(Cn1cc(-c2ccccc2)nn1)C(=O)NCC1CCN(Cc2ccccc2)CC1,11
CC1=CC2Cc3nc4cc(Cl)ccc4c(N)c3C(C1)C2N[*:1],CC(=O)[*:1],CHEMBL214467,CHEMBL1914,CC(=O)NC1C2C=C(C)CC1c1c(nc3cc(Cl)ccc3c1N)C2,12
CC1=CC2Cc3nc4cc(Cl)ccc4c(N)c3C(C1)C2N[*:1],O=C[*:1],CHEMBL384563,CHEMBL1914,CC1=CC2Cc3nc4cc(Cl)ccc4c(N)c3C(C1)C2NC=O,12
O=C(NCC1CCN(Cc2ccccc2)CC1)C(CCCCn1cc(-c2ccccc2)nn1)N[*:1],[*:1],CHEMBL4467345,CHEMBL1914,NC(CCCCn1cc(-c2ccccc2)nn1)C(=O)NCC1CCN(Cc2ccccc2)CC1,13
O=C(NCC1CCN(Cc2ccccc2)CC1)C(CCCCn1cc(-c2ccccc2)nn1)N[*:1],CC(=O)[*:1],CHEMBL4445099,CHEMBL1914,CC(=O)NC(CCCCn1cc(-c2ccccc2)nn1)C(=O)NCC1CCN(Cc2ccccc2)CC1,13
Cc1cccc2sc(NC(=O)CCN3CCN([*:1])CC3)nc12,CC(=O)c1ccc([*:1])cc1,CHEMBL5176580,CHEMBL1914,CC(=O)c1ccc(N2CCN(CCC(=O)Nc3nc4c(C)cccc4s3)CC2)cc1,14
Cc1cccc2sc(NC(=O)CCN3CCN([*:1])CC3)nc12,C1CCC([*:1])CC1,CHEMBL5203777,CHEMBL1914,Cc1cccc2sc(NC(=O)CCN3CCN(C4CCCCC4)CC3)nc12,14
Cc1cccc2sc(NC(=O)CCN3CCN([*:1])CC3)nc12,Fc1ccc(F)c(C[*:1])c1,CHEMBL5193082,CHEMBL1914,Cc1cccc2sc(NC(=O)CCN3CCN(Cc4cc(F)ccc4F)CC3)nc12,14
Cc1cccc2sc(NC(=O)CCN3CCN([*:1])CC3)nc12,Fc1ccccc1C[*:1],CHEMBL5173420,CHEMBL1914,Cc1cccc2sc(NC(=O)CCN3CCN(Cc4ccccc4F)CC3)nc12,14
Cc1cccc2sc(NC(=O)CCN3CCN([*:1])CC3)nc12,Cc1ccccc1[*:1],CHEMBL5178466,CHEMBL1914,Cc1ccccc1N1CCN(CCC(=O)Nc2nc3c(C)cccc3s2)CC1,14
Cc1cccc2sc(NC(=O)CCN3CCN([*:1])CC3)nc12,C1CCC(C[*:1])CC1,CHEMBL5204934,CHEMBL1914,Cc1cccc2sc(NC(=O)CCN3CCN(CC4CCCCC4)CC3)nc12,14
CC(=O)c1ccccc1NC(=O)c1ccc(OCCCCC[*:1])cc1,c1ccc2c(c1)ccc[n+]2[*:1],CHEMBL2159662,CHEMBL1914,CC(=O)c1ccccc1NC(=O)c1ccc(OCCCCC[n+]2cccc3ccccc32)cc1,15
CC(=O)c1ccccc1NC(=O)c1ccc(OCCCCC[*:1])cc1,c1ccc2c[n+]([*:1])ccc2c1,CHEMBL2159660,CHEMBL1914,CC(=O)c1ccccc1NC(=O)c1ccc(OCCCCC[n+]2ccc3ccccc3c2)cc1,15
CC(=O)c1ccccc1NC(=O)c1ccc(OCCCCC[*:1])cc1,c1cc[n+]([*:1])cc1,CHEMBL2159663,CHEMBL1914,CC(=O)c1ccccc1NC(=O)c1ccc(OCCCCC[n+]2ccccc2)cc1,15
CC(=O)c1ccccc1NC(=O)c1ccc(OCCCC[*:1])cc1,c1cc[n+](CC[*:1])cc1,CHEMBL2159664,CHEMBL1914,CC(=O)c1ccccc1NC(=O)c1ccc(OCCCCCC[n+]2ccccc2)cc1,16
CC(=O)c1ccccc1NC(=O)c1ccc(OCCCC[*:1])cc1,c1ccc2c[n+]([*:1])ccc2c1,CHEMBL2159659,CHEMBL1914,CC(=O)c1ccccc1NC(=O)c1ccc(OCCCC[n+]2ccc3ccccc3c2)cc1,16
CC(=O)c1ccccc1NC(=O)c1ccc(OCCCC[*:1])cc1,c1ccc2c(c1)ccc[n+]2[*:1],CHEMBL2159658,CHEMBL1914,CC(=O)c1ccccc1NC(=O)c1ccc(OCCCC[n+]2cccc3ccccc32)cc1,16
O=C(N1c2ccccc2Sc2ccccc21)[*:1],CC(C)(C)O[*:1],CHEMBL444507,CHEMBL1914,CC(C)(C)OC(=O)N1c2ccccc2Sc2ccccc21,17
O=C(N1c2ccccc2Sc2ccccc21)[*:1],CCN(CC)CCO[*:1],CHEMBL480176,CHEMBL1914,CCN(CC)CCOC(=O)N1c2ccccc2Sc2ccccc21,17
O=C(N1c2ccccc2Sc2ccccc21)[*:1],CN(C)CCO[*:1],CHEMBL481305,CHEMBL1914,CN(C)CCOC(=O)N1c2ccccc2Sc2ccccc21,17
O=C(N1c2ccccc2Sc2ccccc21)[*:1],Cc1ccc(O[*:1])cc1,CHEMBL481163,CHEMBL1914,Cc1ccc(OC(=O)N2c3ccccc3Sc3ccccc32)cc1,17
O=C(N1c2ccccc2Sc2ccccc21)[*:1],Cc1cccc(O[*:1])c1,CHEMBL481162,CHEMBL1914,Cc1cccc(OC(=O)N2c3ccccc3Sc3ccccc32)c1,17
O=C(N1c2ccccc2Sc2ccccc21)[*:1],Cc1ccccc1O[*:1],CHEMBL481688,CHEMBL1914,Cc1ccccc1OC(=O)N1c2ccccc2Sc2ccccc21,17
O=C(N1c2ccccc2Sc2ccccc21)[*:1],C1CCC(O[*:1])C1,CHEMBL520588,CHEMBL1914,O=C(OC1CCCC1)N1c2ccccc2Sc2ccccc21,17
O=C(N1c2ccccc2Sc2ccccc21)[*:1],C1CCN(CCO[*:1])C1,CHEMBL481153,CHEMBL1914,O=C(OCCN1CCCC1)N1c2ccccc2Sc2ccccc21,17
O=C(N1c2ccccc2Sc2ccccc21)[*:1],Clc1cccc(O[*:1])c1,CHEMBL481529,CHEMBL1914,O=C(Oc1cccc(Cl)c1)N1c2ccccc2Sc2ccccc21,17
O=C(N1c2ccccc2Sc2ccccc21)[*:1],c1ccc(O[*:1])cc1,CHEMBL481687,CHEMBL1914,O=C(Oc1ccccc1)N1c2ccccc2Sc2ccccc21,17
O=C(NCCNc1c2c(nc3ccccc13)CCCC2)C(Cc1c[nH]c2ccccc12)N[*:1],[*:1],CHEMBL4459500_CHEMBL525917,CHEMBL1914,NC(Cc1c[nH]c2ccccc12)C(=O)NCCNc1c2c(nc3ccccc13)CCCC2,18
O=C(NCCNc1c2c(nc3ccccc13)CCCC2)C(Cc1c[nH]c2ccccc12)N[*:1],CC(C)(C)OC(=O)[*:1],CHEMBL502244,CHEMBL1914,CC(C)(C)OC(=O)NC(Cc1c[nH]c2ccccc12)C(=O)NCCNc1c2c(nc3ccccc13)CCCC2,18
CN(CCCCCCCOc1ccc(-c2oc3ccccc3c2[*:1])cc1)Cc1ccccc1,[*:1],CHEMBL497755,CHEMBL1914,CN(CCCCCCCOc1ccc(-c2cc3ccccc3o2)cc1)Cc1ccccc1,19
CN(CCCCCCCOc1ccc(-c2oc3ccccc3c2[*:1])cc1)Cc1ccccc1,CC(=O)[*:1],CHEMBL511948,CHEMBL1914,CC(=O)c1c(-c2ccc(OCCCCCCCN(C)Cc3ccccc3)cc2)oc2ccccc12,19
O=C(NC(Cc1ccccc1)C(O)CN[*:1])C(c1ccccc1)c1ccccc1,CC(C)(C)C[*:1],CHEMBL4855794,CHEMBL1914,CC(C)(C)CNCC(O)C(Cc1ccccc1)NC(=O)C(c1ccccc1)c1ccccc1,20
O=C(NC(Cc1ccccc1)C(O)CN[*:1])C(c1ccccc1)c1ccccc1,CC(C)(C)c1cccc(C[*:1])c1,CHEMBL4874266,CHEMBL1914,CC(C)(C)c1cccc(CNCC(O)C(Cc2ccccc2)NC(=O)C(c2ccccc2)c2ccccc2)c1,20
O=C(NC(Cc1ccccc1)C(O)CN[*:1])C(c1ccccc1)c1ccccc1,CC(C)(C)c1ccc(C[*:1])cc1,CHEMBL4857933,CHEMBL1914,CC(C)(C)c1ccc(CNCC(O)C(Cc2ccccc2)NC(=O)C(c2ccccc2)c2ccccc2)cc1,20
O=C(NC(Cc1ccccc1)C(O)CN[*:1])C(c1ccccc1)c1ccccc1,CC(C)c1cccc(C[*:1])c1,CHEMBL4851264_CHEMBL4868077,CHEMBL1914,CC(C)c1cccc(CNCC(O)C(Cc2ccccc2)NC(=O)C(c2ccccc2)c2ccccc2)c1,20
O=C(NC(Cc1ccccc1)C(O)CN[*:1])C(c1ccccc1)c1ccccc1,COc1ccccc1C[*:1],CHEMBL4870994,CHEMBL1914,COc1ccccc1CNCC(O)C(Cc1ccccc1)NC(=O)C(c1ccccc1)c1ccccc1,20
O=C(NC(Cc1ccccc1)C(O)CN[*:1])C(c1ccccc1)c1ccccc1,FC(F)(F)c1cccc(C[*:1])c1,CHEMBL4856694,CHEMBL1914,O=C(NC(Cc1ccccc1)C(O)CNCc1cccc(C(F)(F)F)c1)C(c1ccccc1)c1ccccc1,20
OC(CN[*:1])C(Cc1ccccc1)NCC(c1ccccc1)c1ccccc1,CC(C)(C)C[*:1],CHEMBL4862200,CHEMBL1914,CC(C)(C)CNCC(O)C(Cc1ccccc1)NCC(c1ccccc1)c1ccccc1,21
OC(CN[*:1])C(Cc1ccccc1)NCC(c1ccccc1)c1ccccc1,CC(c1ccccc1)[*:1],CHEMBL4858536,CHEMBL1914,CC(NCC(O)C(Cc1ccccc1)NCC(c1ccccc1)c1ccccc1)c1ccccc1,21
OC(CN[*:1])C(Cc1ccccc1)NCC(c1ccccc1)c1ccccc1,COc1ccccc1C[*:1],CHEMBL4867049,CHEMBL1914,COc1ccccc1CNCC(O)C(Cc1ccccc1)NCC(c1ccccc1)c1ccccc1,21
OC(CN[*:1])C(Cc1ccccc1)NCC(c1ccccc1)c1ccccc1,c1ccc(C[*:1])cc1,CHEMBL4854010,CHEMBL1914,OC(CNCc1ccccc1)C(Cc1ccccc1)NCC(c1ccccc1)c1ccccc1,21
O=C(Oc1cccc([*:1])c1[*:2])N1c2ccccc2Sc2ccccc21,CC(C)(C)[*:2].[*:1],CHEMBL445192,CHEMBL1914,CC(C)(C)c1ccccc1OC(=O)N1c2ccccc2Sc2ccccc21,22
O=C(Oc1cccc([*:1])c1[*:2])N1c2ccccc2Sc2ccccc21,CN(C)[*:1].[*:2],CHEMBL481908,CHEMBL1914,CN(C)c1cccc(OC(=O)N2c3ccccc3Sc3ccccc32)c1,22
CC1(C)C=Cc2c(cc(O)c3c(=O)c(C[*:1])c(-c4ccc(O)cc4O)oc23)O1,CC(C)(O)C[*:1],CHEMBL1719948,CHEMBL1914,CC(C)(O)CCc1c(-c2ccc(O)cc2O)oc2c3c(cc(O)c2c1=O)OC(C)(C)C=C3,23
CC1(C)C=Cc2c(cc(O)c3c(=O)c(C[*:1])c(-c4ccc(O)cc4O)oc23)O1,CC(C)=C[*:1],CHEMBL464006,CHEMBL1914,CC(C)=CCc1c(-c2ccc(O)cc2O)oc2c3c(cc(O)c2c1=O)OC(C)(C)C=C3,23
CC(C)=CCCC1(C)C=Cc2c(O[*:1])cc([*:2])c(CC=C(C)C)c2O1,Oc1cc(O)c2cc([*:2])oc2c1.[*:1],CHEMBL4175881,CHEMBL1914,CC(C)=CCCC1(C)C=Cc2c(O)cc(-c3cc4c(O)cc(O)cc4o3)c(CC=C(C)C)c2O1,24
CC(C)=CCCC1(C)C=Cc2c(O[*:1])cc([*:2])c(CC=C(C)C)c2O1,COc1ccc2cc([*:2])oc2c1.[*:1],CHEMBL4167195,CHEMBL1914,COc1ccc2cc(-c3cc(O)c4c(c3CC=C(C)C)OC(C)(CCC=C(C)C)C=C4)oc2c1,24
CC(C)=CCCC1(C)C=Cc2c(O[*:1])cc([*:2])c(CC=C(C)C)c2O1,C[*:1].Oc1ccc2cc([*:2])oc2c1,CHEMBL4174409,CHEMBL1914,COc1cc(-c2cc3ccc(O)cc3o2)c(CC=C(C)C)c2c1C=CC(C)(CCC=C(C)C)O2,24
Nc1c2c(nc3c1C([*:1])c1c(-c4ccccc4)n[nH]c1O3)CCCC2,CC(C)[*:1],CHEMBL3922713,CHEMBL1914,CC(C)C1c2c(-c3ccccc3)n[nH]c2Oc2nc3c(c(N)c21)CCCC3,25
Nc1c2c(nc3c1C([*:1])c1c(-c4ccccc4)n[nH]c1O3)CCCC2,COc1cc([*:1])cc(OC)c1OC,CHEMBL3903664,CHEMBL1914,COc1cc(C2c3c(-c4ccccc4)n[nH]c3Oc3nc4c(c(N)c32)CCCC4)cc(OC)c1OC,25
CC(C)CN(Cc1csc(C[*:1])n1)C(=O)c1ccc2c(c1)OCO2,Clc1ccc(O[*:1])cc1,CHEMBL5207646,CHEMBL1914,CC(C)CN(Cc1csc(COc2ccc(Cl)cc2)n1)C(=O)c1ccc2c(c1)OCO2,26
CC(C)CN(Cc1csc(C[*:1])n1)C(=O)c1ccc2c(c1)OCO2,FC(F)(F)c1ccc(O[*:1])cc1,CHEMBL5175426,CHEMBL1914,CC(C)CN(Cc1csc(COc2ccc(C(F)(F)F)cc2)n1)C(=O)c1ccc2c(c1)OCO2,26
CC(C)CN(Cc1csc(C[*:1])n1)C(=O)c1ccc2c(c1)OCO2,Fc1ccc(O[*:1])cc1,CHEMBL5172666,CHEMBL1914,CC(C)CN(Cc1csc(COc2ccc(F)cc2)n1)C(=O)c1ccc2c(c1)OCO2,26
CC(C)CN(Cc1csc(C[*:1])n1)C(=O)c1ccc2c(c1)OCO2,COc1ccc(O[*:1])cc1,CHEMBL5193588,CHEMBL1914,COc1ccc(OCc2nc(CN(CC(C)C)C(=O)c3ccc4c(c3)OCO4)cs2)cc1,26
CC(C)CN(Cc1csc(C[*:1])n1)C(=O)c1ccc2c(c1)OCO2,Cc1ccc(O[*:1])cc1,CHEMBL4642183,CHEMBL1914,Cc1ccc(OCc2nc(CN(CC(C)C)C(=O)c3ccc4c(c3)OCO4)cs2)cc1,26
O=C(CC(c1ccccc1)c1ccccc1)NC(Cc1ccccc1)C(O)CN[*:1],CC(C)(C)c1ccc(C[*:1])cc1,CHEMBL4851448,CHEMBL1914,CC(C)(C)c1ccc(CNCC(O)C(Cc2ccccc2)NC(=O)CC(c2ccccc2)c2ccccc2)cc1,27
O=C(CC(c1ccccc1)c1ccccc1)NC(Cc1ccccc1)C(O)CN[*:1],CC(C)c1cccc(C[*:1])c1,CHEMBL4876288,CHEMBL1914,CC(C)c1cccc(CNCC(O)C(Cc2ccccc2)NC(=O)CC(c2ccccc2)c2ccccc2)c1,27
O=C(CC(c1ccccc1)c1ccccc1)NC(Cc1ccccc1)C(O)CN[*:1],COc1cccc(C[*:1])c1,CHEMBL4877962,CHEMBL1914,COc1cccc(CNCC(O)C(Cc2ccccc2)NC(=O)CC(c2ccccc2)c2ccccc2)c1,27
O=C(CC(c1ccccc1)c1ccccc1)NC(Cc1ccccc1)C(O)CN[*:1],COc1ccccc1C[*:1],CHEMBL4847981,CHEMBL1914,COc1ccccc1CNCC(O)C(Cc1ccccc1)NC(=O)CC(c1ccccc1)c1ccccc1,27
O=C(Nc1ccc([*:1])cc1)OC1CCN(Cc2ccccc2)CC1,[*:1],CHEMBL4794030,CHEMBL1914,O=C(Nc1ccccc1)OC1CCN(Cc2ccccc2)CC1,28
O=C(Nc1ccc([*:1])cc1)OC1CCN(Cc2ccccc2)CC1,CC(C)[*:1],CHEMBL4783852,CHEMBL1914,CC(C)c1ccc(NC(=O)OC2CCN(Cc3ccccc3)CC2)cc1,28
O=C(Nc1ccc([*:1])cc1)OCC1CCCN(C2Cc3ccccc3C2)C1,[*:1],CHEMBL4782697,CHEMBL1914,O=C(Nc1ccccc1)OCC1CCCN(C2Cc3ccccc3C2)C1,29
O=C(Nc1ccc([*:1])cc1)OCC1CCCN(C2Cc3ccccc3C2)C1,CC(C)[*:1],CHEMBL4785480,CHEMBL1914,CC(C)c1ccc(NC(=O)OCC2CCCN(C3Cc4ccccc4C3)C2)cc1,29
O=C(Nc1ccc([*:1])cc1)OCC1CCCN(Cc2ccccc2)C1,[*:1],CHEMBL4788813,CHEMBL1914,O=C(Nc1ccccc1)OCC1CCCN(Cc2ccccc2)C1,30
O=C(Nc1ccc([*:1])cc1)OCC1CCCN(Cc2ccccc2)C1,CC(C)[*:1],CHEMBL4792208,CHEMBL1914,CC(C)c1ccc(NC(=O)OCC2CCCN(Cc3ccccc3)C2)cc1,30
CC(C)C1=NC2CCC34CC35C(=O)CC3(C)C(C(C)N(C)[*:1])C(O)CC3(C)C5CCC4C2(C)CS1,[*:1],CHEMBL1783521,CHEMBL1914,CNC(C)C1C(O)CC2(C)C3CCC4C5(C)CSC(C(C)C)=NC5CCC45CC35C(=O)CC12C,31
CC(C)C1=NC2CCC34CC35C(=O)CC3(C)C(C(C)N(C)[*:1])C(O)CC3(C)C5CCC4C2(C)CS1,C[*:1],CHEMBL1783520,CHEMBL1914,CC(C)C1=NC2CCC34CC35C(=O)CC3(C)C(C(C)N(C)C)C(O)CC3(C)C5CCC4C2(C)CS1,31
c1ccc2c(COc3nn(CC[*:1])c4ccccc34)cccc2c1,CC(C)N(C(C)C)[*:1],CHEMBL3116282,CHEMBL1914,CC(C)N(CCn1nc(OCc2cccc3ccccc23)c2ccccc21)C(C)C,32
c1ccc2c(COc3nn(CC[*:1])c4ccccc34)cccc2c1,C1CCN([*:1])C1,CHEMBL3116283,CHEMBL1914,c1ccc2c(COc3nn(CCN4CCCC4)c4ccccc34)cccc2c1,32
c1ccc2c(COc3nn(CC[*:1])c4ccccc34)cccc2c1,C1CCN([*:1])CC1,CHEMBL3116284,CHEMBL1914,c1ccc2c(COc3nn(CCN4CCCCC4)c4ccccc34)cccc2c1,32
O=C(Nc1ccc([*:1])cc1)OC1CCCN(Cc2ccccc2)C1,[*:1],CHEMBL4792506,CHEMBL1914,O=C(Nc1ccccc1)OC1CCCN(Cc2ccccc2)C1,33
O=C(Nc1ccc([*:1])cc1)OC1CCCN(Cc2ccccc2)C1,CC(C)[*:1],CHEMBL4800026,CHEMBL1914,CC(C)c1ccc(NC(=O)OC2CCCN(Cc3ccccc3)C2)cc1,33
CC1CCC2(C)c3cc(OC(=O)Nc4ccc([*:1])cc4)ccc3C(C)C12,[*:1],CHEMBL4095755,CHEMBL1914,CC1CCC2(C)c3cc(OC(=O)Nc4ccccc4)ccc3C(C)C12,34
CC1CCC2(C)c3cc(OC(=O)Nc4ccc([*:1])cc4)ccc3C(C)C12,CC(C)[*:1],CHEMBL4068410,CHEMBL1914,CC(C)c1ccc(NC(=O)Oc2ccc3c(c2)C2(C)CCC(C)C2C3C)cc1,34
c1ccc(CCNc2nc(N[*:1])nc3ccccc23)cc1,CC(C)[*:1],CHEMBL4070462,CHEMBL1914,CC(C)Nc1nc(NCCc2ccccc2)c2ccccc2n1,35
c1ccc(CCNc2nc(N[*:1])nc3ccccc23)cc1,CCC[*:1],CHEMBL4083601,CHEMBL1914,CCCNc1nc(NCCc2ccccc2)c2ccccc2n1,35
c1ccc(CCNc2nc(N[*:1])nc3ccccc23)cc1,CC[*:1],CHEMBL4061837,CHEMBL1914,CCNc1nc(NCCc2ccccc2)c2ccccc2n1,35
c1ccc(CCNc2nc(N[*:1])nc3ccccc23)cc1,C[*:1],CHEMBL4064773,CHEMBL1914,CNc1nc(NCCc2ccccc2)c2ccccc2n1,35
CN1CCC2(C)c3cc(OC(=O)Nc4ccccc4)ccc3N([*:1])C12,[*:1],CHEMBL418917_CHEMBL99284,CHEMBL1914,CN1CCC2(C)c3cc(OC(=O)Nc4ccccc4)ccc3NC12,36
CN1CCC2(C)c3cc(OC(=O)Nc4ccccc4)ccc3N([*:1])C12,O=C[*:1],CHEMBL100366_CHEMBL1243203,CHEMBL1914,CN1CCC2(C)c3cc(OC(=O)Nc4ccccc4)ccc3N(C=O)C12,36
CC(C)c1ccc(NC(=O)Oc2ccc3c(c2)C2(C)CCN([*:1])C2N3[*:2])cc1,[*:1].[*:2],CHEMBL4089082_CHEMBL54470,CHEMBL1914,CC(C)c1ccc(NC(=O)Oc2ccc3c(c2)C2(C)CCNC2N3)cc1,37
CC(C)c1ccc(NC(=O)Oc2ccc3c(c2)C2(C)CCN([*:1])C2N3[*:2])cc1,C[*:2].C[*:1],CHEMBL129837_CHEMBL383013_CHEMBL417915,CHEMBL1914,CC(C)c1ccc(NC(=O)Oc2ccc3c(c2)C2(C)CCN(C)C2N3C)cc1,37
CC(C)c1ccc(NC(=O)Oc2ccc3c(c2)C2(C)CCN([*:1])C2N3[*:2])cc1,C[*:2].Fc1ccc(C[*:1])cc1,CHEMBL5220668,CHEMBL1914,CC(C)c1ccc(NC(=O)Oc2ccc3c(c2)C2(C)CCN(Cc4ccc(F)cc4)C2N3C)cc1,37
CC(C)c1ccc(NC(=O)Oc2ccc3c(c2)C2(C)CCN([*:1])C2N3[*:2])cc1,C[*:2].c1ccc(CC[*:1])cc1,CHEMBL1080386_CHEMBL54577,CHEMBL1914,CC(C)c1ccc(NC(=O)Oc2ccc3c(c2)C2(C)CCN(CCc4ccccc4)C2N3C)cc1,37
O=C(Nc1ccc([*:1])cc1)OCC1CCN(Cc2ccccc2)CC1,[*:1],CHEMBL4781081,CHEMBL1914,O=C(Nc1ccccc1)OCC1CCN(Cc2ccccc2)CC1,38
O=C(Nc1ccc([*:1])cc1)OCC1CCN(Cc2ccccc2)CC1,CC(C)[*:1],CHEMBL4795569,CHEMBL1914,CC(C)c1ccc(NC(=O)OCC2CCN(Cc3ccccc3)CC2)cc1,38
CC(C1C(O)CC2(C)C3CCC4C(=CCC5N=C(C([*:1])[*:2])OCC54C)CC3C(=O)CC12C)N(C)C,c1ccc([*:1])cc1.[*:2],CHEMBL396189,CHEMBL1914,CC(C1C(O)CC2(C)C3CCC4C(=CCC5N=C(Cc6ccccc6)OCC54C)CC3C(=O)CC12C)N(C)C,39
CC(C1C(O)CC2(C)C3CCC4C(=CCC5N=C(C([*:1])[*:2])OCC54C)CC3C(=O)CC12C)N(C)C,CC[*:1].CC[*:2],CHEMBL240472,CHEMBL1914,CCC(CC)C1=NC2CC=C3CC4C(=O)CC5(C)C(C(C)N(C)C)C(O)CC5(C)C4CCC3C2(C)CO1,39
CN1c2ccc(OC(=O)[*:1])cc2C2(C)CCN(CCc3ccccc3)C12,C1CCC(CN[*:1])CC1,CHEMBL1081032,CHEMBL1914,CN1c2ccc(OC(=O)NCC3CCCCC3)cc2C2(C)CCN(CCc3ccccc3)C12,40
CN1c2ccc(OC(=O)[*:1])cc2C2(C)CCN(CCc3ccccc3)C12,C1CCC(N[*:1])CC1,CHEMBL1081031,CHEMBL1914,CN1c2ccc(OC(=O)NC3CCCCC3)cc2C2(C)CCN(CCc3ccccc3)C12,40
CC1CC23CCC4C(C)(C(=O)OCC[N+](C)(C)[*:1])CCCC4(C)C2CCC1(Cl)C3,C[*:1],CHEMBL3220807,CHEMBL1914,CC1CC23CCC4C(C)(C(=O)OCC[N+](C)(C)C)CCCC4(C)C2CCC1(Cl)C3,41
CC1CC23CCC4C(C)(C(=O)OCC[N+](C)(C)[*:1])CCCC4(C)C2CCC1(Cl)C3,c1ccc(C[*:1])cc1,CHEMBL3220808,CHEMBL1914,CC1CC23CCC4C(C)(C(=O)OCC[N+](C)(C)Cc5ccccc5)CCCC4(C)C2CCC1(Cl)C3,41
Clc1ccc2c(N[*:2])c3c(nc2c1)CC1C=C(CC[*:1])CC3C1,[*:1].[*:2],CHEMBL143812_CHEMBL208599_CHEMBL483716,CHEMBL1914,CCC1=CC2Cc3nc4cc(Cl)ccc4c(N)c3C(C1)C2,42
Clc1ccc2c(N[*:2])c3c(nc2c1)CC1C=C(CC[*:1])CC3C1,OCC[*:2].[*:1],CHEMBL573095,CHEMBL1914,CCC1=CC2Cc3nc4cc(Cl)ccc4c(NCCO)c3C(C1)C2,42
Clc1ccc2c(N[*:2])c3c(nc2c1)CC1C=C(CC[*:1])CC3C1,OCc1cn(CC[*:1])nn1.[*:2],CHEMBL4280612,CHEMBL1914,Nc1c2c(nc3cc(Cl)ccc13)CC1C=C(CCCCn3cc(CO)nn3)CC2C1,42
CN(C)C(=O)Oc1cc(OC(=O)N(C)C)cc(C(O)CN[*:1])c1,CCC(C)(C)[*:1],CHEMBL4096024_CHEMBL4117443,CHEMBL1914,CCC(C)(C)NCC(O)c1cc(OC(=O)N(C)C)cc(OC(=O)N(C)C)c1,43
CN(C)C(=O)Oc1cc(OC(=O)N(C)C)cc(C(O)CN[*:1])c1,CC(C)(C)[*:1],CHEMBL521589,CHEMBL1914,CN(C)C(=O)Oc1cc(OC(=O)N(C)C)cc(C(O)CNC(C)(C)C)c1,43
CCCCCCCCCCN1CCCC(C(=O)[*:1])C1,CCN(C)[*:1],CHEMBL3277221,CHEMBL1914,CCCCCCCCCCN1CCCC(C(=O)N(C)CC)C1,44
CCCCCCCCCCN1CCCC(C(=O)[*:1])C1,CCN(CC)[*:1],CHEMBL1192141,CHEMBL1914,CCCCCCCCCCN1CCCC(C(=O)N(CC)CC)C1,44
CCCCCCCCCCN1CCCC(C(=O)[*:1])C1,CCCN(CCC)[*:1],CHEMBL3277222,CHEMBL1914,CCCCCCCCCCN1CCCC(C(=O)N(CCC)CCC)C1,44
O=C(CNCCCCCCCCCC[*:1])Nc1ccc2nc3n(c(=O)c2c1)CCC3,[*:1],CHEMBL4208869,CHEMBL1914,CCCCCCCCCCNCC(=O)Nc1ccc2nc3n(c(=O)c2c1)CCC3,45
O=C(CNCCCCCCCCCC[*:1])Nc1ccc2nc3n(c(=O)c2c1)CCC3,CC[*:1],CHEMBL4217139,CHEMBL1914,CCCCCCCCCCCCNCC(=O)Nc1ccc2nc3n(c(=O)c2c1)CCC3,45
O=C(CNCCCCCCCCCC[*:1])Nc1ccc2nc3n(c(=O)c2c1)CCC3,CCCCCC[*:1],CHEMBL4205426,CHEMBL1914,CCCCCCCCCCCCCCCCNCC(=O)Nc1ccc2nc3n(c(=O)c2c1)CCC3,45
O=C(NCCCCC[*:1])Oc1ccc(Cn2cc(COc3ccc4ccc(=O)oc4c3)nn2)cc1,CC[*:1],CHEMBL3828696,CHEMBL1914,CCCCCCCNC(=O)Oc1ccc(Cn2cc(COc3ccc4ccc(=O)oc4c3)nn2)cc1,46
O=C(NCCCCC[*:1])Oc1ccc(Cn2cc(COc3ccc4ccc(=O)oc4c3)nn2)cc1,c1ccc([*:1])cc1,CHEMBL3828054,CHEMBL1914,O=C(NCCCCCc1ccccc1)Oc1ccc(Cn2cc(COc3ccc4ccc(=O)oc4c3)nn2)cc1,46
O=C(NCCCCC[*:1])Oc1cccc(-n2cc(COc3ccc4ccc(=O)oc4c3)nn2)c1,CC[*:1],CHEMBL3828443,CHEMBL1914,CCCCCCCNC(=O)Oc1cccc(-n2cc(COc3ccc4ccc(=O)oc4c3)nn2)c1,47
O=C(NCCCCC[*:1])Oc1cccc(-n2cc(COc3ccc4ccc(=O)oc4c3)nn2)c1,c1ccc([*:1])cc1,CHEMBL3828281,CHEMBL1914,O=C(NCCCCCc1ccccc1)Oc1cccc(-n2cc(COc3ccc4ccc(=O)oc4c3)nn2)c1,47
CCCCCCCNC(=O)Oc1ccc(Cc2nc3cc(C(=O)[*:1])ccc3n2CCC(C)C)cc1,C1CCN([*:1])CC1,CHEMBL5189021,CHEMBL1914,CCCCCCCNC(=O)Oc1ccc(Cc2nc3cc(C(=O)N4CCCCC4)ccc3n2CCC(C)C)cc1,48
CCCCCCCNC(=O)Oc1ccc(Cc2nc3cc(C(=O)[*:1])ccc3n2CCC(C)C)cc1,CCN(CC)[*:1],CHEMBL5179658,CHEMBL1914,CCCCCCCNC(=O)Oc1ccc(Cc2nc3cc(C(=O)N(CC)CC)ccc3n2CCC(C)C)cc1,48
CCCCCCCNC(=O)Oc1ccc(Cc2nc3cc(C(=O)[*:1])ccc3n2CCC(C)C)cc1,CC(C)CCN[*:1],CHEMBL5170582,CHEMBL1914,CCCCCCCNC(=O)Oc1ccc(Cc2nc3cc(C(=O)NCCC(C)C)ccc3n2CCC(C)C)cc1,48
CCOc1ccc(Cc2nc3cc(C(=O)N(CC)CC)ccc3n2CCCC[*:1])cc1,C1CCN([*:1])CC1,CHEMBL4085482,CHEMBL1914,CCOc1ccc(Cc2nc3cc(C(=O)N(CC)CC)ccc3n2CCCCN2CCCCC2)cc1,49
CCOc1ccc(Cc2nc3cc(C(=O)N(CC)CC)ccc3n2CCCC[*:1])cc1,C1CCN(CC[*:1])CC1,CHEMBL4082785,CHEMBL1914,CCOc1ccc(Cc2nc3cc(C(=O)N(CC)CC)ccc3n2CCCCCCN2CCCCC2)cc1,49
O=C(NCCCCC[*:1])Oc1cccc(Cn2cc(COc3ccc4ccc(=O)oc4c3)nn2)c1,CC[*:1],CHEMBL3827284,CHEMBL1914,CCCCCCCNC(=O)Oc1cccc(Cn2cc(COc3ccc4ccc(=O)oc4c3)nn2)c1,50
O=C(NCCCCC[*:1])Oc1cccc(Cn2cc(COc3ccc4ccc(=O)oc4c3)nn2)c1,c1ccc([*:1])cc1,CHEMBL3827220,CHEMBL1914,O=C(NCCCCCc1ccccc1)Oc1cccc(Cn2cc(COc3ccc4ccc(=O)oc4c3)nn2)c1,50
CN(CCCOc1ccc2ccc(=O)oc2c1)Cc1cccc(OC(=O)[*:1])c1,CCCCCCCN[*:1],CHEMBL440526,CHEMBL1914,CCCCCCCNC(=O)Oc1cccc(CN(C)CCCOc2ccc3ccc(=O)oc3c2)c1,51
CN(CCCOc1ccc2ccc(=O)oc2c1)Cc1cccc(OC(=O)[*:1])c1,CCCCCCc1ccc(N[*:1])cc1,CHEMBL3827765,CHEMBL1914,CCCCCCc1ccc(NC(=O)Oc2cccc(CN(C)CCCOc3ccc4ccc(=O)oc4c3)c2)cc1,51
CN(CCCOc1ccc2ccc(=O)oc2c1)Cc1cccc(OC(=O)[*:1])c1,C1CCC(N[*:1])CC1,CHEMBL5220375,CHEMBL1914,CN(CCCOc1ccc2ccc(=O)oc2c1)Cc1cccc(OC(=O)NC2CCCCC2)c1,51
CN(CCCOc1ccc2ccc(=O)oc2c1)Cc1cccc(OC(=O)[*:1])c1,C1CCC(N[*:1])C1,CHEMBL5218447,CHEMBL1914,CN(CCCOc1ccc2ccc(=O)oc2c1)Cc1cccc(OC(=O)NC2CCCC2)c1,51
CN(CCCOc1ccc2ccc(=O)oc2c1)Cc1cccc(OC(=O)[*:1])c1,c1ccc(CCCCCCN[*:1])cc1,CHEMBL3827432,CHEMBL1914,CN(CCCOc1ccc2ccc(=O)oc2c1)Cc1cccc(OC(=O)NCCCCCCc2ccccc2)c1,51
CN(CCCOc1ccc2ccc(=O)oc2c1)Cc1cccc(OC(=O)[*:1])c1,c1ccc(CCCCCN[*:1])cc1,CHEMBL2047528,CHEMBL1914,CN(CCCOc1ccc2ccc(=O)oc2c1)Cc1cccc(OC(=O)NCCCCCc2ccccc2)c1,51
CN1CCC2COc3c(OC(=O)[*:1])cccc3C21,CCCCCCCN[*:1],CHEMBL187870,CHEMBL1914,CCCCCCCNC(=O)Oc1cccc2c1OCC1CCN(C)C21,52
CN1CCC2COc3c(OC(=O)[*:1])cccc3C21,CCN[*:1],CHEMBL187385,CHEMBL1914,CCNC(=O)Oc1cccc2c1OCC1CCN(C)C21,52
CN1CCC2COc3c(OC(=O)[*:1])cccc3C21,CN[*:1],CHEMBL189906,CHEMBL1914,CNC(=O)Oc1cccc2c1OCC1CCN(C)C21,52
CC(C)CCn1c(Cc2ccc(O[*:1])cc2)nc2cc(C(=O)[*:2])ccc21,CCCCCCN[*:2].CC[*:1],CHEMBL4086412,CHEMBL1914,CCCCCCNC(=O)c1ccc2c(c1)nc(Cc1ccc(OCC)cc1)n2CCC(C)C,53
CC(C)CCn1c(Cc2ccc(O[*:1])cc2)nc2cc(C(=O)[*:2])ccc21,CCN(CC)[*:2].O=C(N1CCCC1)[*:1],CHEMBL5183869,CHEMBL1914,CCN(CC)C(=O)c1ccc2c(c1)nc(Cc1ccc(OC(=O)N3CCCC3)cc1)n2CCC(C)C,53
CC(C)CCn1c(Cc2ccc(O[*:1])cc2)nc2cc(C(=O)[*:2])ccc21,CCN(CC)[*:2].O=C(N1CCC1)[*:1],CHEMBL5187045,CHEMBL1914,CCN(CC)C(=O)c1ccc2c(c1)nc(Cc1ccc(OC(=O)N3CCC3)cc1)n2CCC(C)C,53
CC(C)CCn1c(Cc2ccc(O[*:1])cc2)nc2cc(C(=O)[*:2])ccc21,C1CCN([*:2])CC1.CC[*:1],CHEMBL4104311,CHEMBL1914,CCOc1ccc(Cc2nc3cc(C(=O)N4CCCCC4)ccc3n2CCC(C)C)cc1,53
CC(C)CCn1c(Cc2ccc(O[*:1])cc2)nc2cc(C(=O)[*:2])ccc21,CC[*:1].c1ccc(N[*:2])cc1,CHEMBL4076334,CHEMBL1914,CCOc1ccc(Cc2nc3cc(C(=O)Nc4ccccc4)ccc3n2CCC(C)C)cc1,53
CC(C)CCn1c(Cc2ccc(O[*:1])cc2)nc2cc(C(=O)[*:2])ccc21,CC(C)CCN[*:2].CC[*:1],CHEMBL4061358,CHEMBL1914,CCOc1ccc(Cc2nc3cc(C(=O)NCCC(C)C)ccc3n2CCC(C)C)cc1,53
c1ccc2c(CC(C[N+](CCC3CCCCCC3)([*:2])[*:3])[*:1])c[nH]c2c1,[*:1].[*:2].CCCC[*:3],CHEMBL5206702,CHEMBL1914,CCCCN(CCCc1c[nH]c2ccccc12)CCC1CCCCCC1,54
c1ccc2c(CC(C[N+](CCC3CCCCCC3)([*:2])[*:3])[*:1])c[nH]c2c1,[*:1].[*:2].CN(C)C1CCC(CC[*:3])CC1,CHEMBL5189830,CHEMBL1914,CN(C)C1CCC(CCN(CCCc2c[nH]c3ccccc23)CCC2CCCCCC2)CC1,54
c1ccc2c(CC(C[N+](CCC3CCCCCC3)([*:2])[*:3])[*:1])c[nH]c2c1,[*:1].[*:2].C1CCC(CC[*:3])CC1,CHEMBL5187420,CHEMBL1914,c1ccc2c(CCCN(CCC3CCCCCC3)CCC3CCCCC3)c[nH]c2c1,54
c1ccc2c(CC(C[N+](CCC3CCCCCC3)([*:2])[*:3])[*:1])c[nH]c2c1,[*:1].[*:2].c1ccc2c(c1)CCC2CC[*:3],CHEMBL5179979,CHEMBL1914,c1ccc2c(c1)CCC2CCN(CCCc1c[nH]c2ccccc12)CCC1CCCCCC1,54
c1ccc2c(CC(C[N+](CCC3CCCCCC3)([*:2])[*:3])[*:1])c[nH]c2c1,CCCCN[*:1].[*:2].[*:3],CHEMBL5179505,CHEMBL1914,CCCCNC(CNCCC1CCCCCC1)Cc1c[nH]c2ccccc12,54
c1ccc2c(CC(C[N+](CCC3CCCCCC3)([*:2])[*:3])[*:1])c[nH]c2c1,CCCCN(C)[*:1].[*:2].C[*:3],CHEMBL5199183,CHEMBL1914,CCCCN(C)C(Cc1c[nH]c2ccccc12)CN(C)CCC1CCCCCC1,54
c1ccc2c(CC(C[N+](CCC3CCCCCC3)([*:2])[*:3])[*:1])c[nH]c2c1,[*:1].C[*:2].CCCC[*:3],CHEMBL5184276,CHEMBL1914,CCCC[N+](C)(CCCc1c[nH]c2ccccc12)CCC1CCCCCC1,54
c1ccc2c(CN(CCC3CCCCCC3)[*:1])c[nH]c2c1,CCCC[*:1],CHEMBL5201181,CHEMBL1914,CCCCN(CCC1CCCCCC1)Cc1c[nH]c2ccccc12,55
c1ccc2c(CN(CCC3CCCCCC3)[*:1])c[nH]c2c1,C[*:1],CHEMBL5180743,CHEMBL1914,CN(CCC1CCCCCC1)Cc1c[nH]c2ccccc12,55
O=C(CCC(N[*:2])C(=O)OCC[*:1])NCCC1CCN(Cc2ccccc2)CC1,O=C(c1ccccc1)[*:2].[*:1],CHEMBL4059766_CHEMBL4093947,CHEMBL1914,CCOC(=O)C(CCC(=O)NCCC1CCN(Cc2ccccc2)CC1)NC(=O)c1ccccc1,56
O=C(CCC(N[*:2])C(=O)OCC[*:1])NCCC1CCN(Cc2ccccc2)CC1,O=C(c1c[nH]c2ccccc12)[*:2].[*:1],CHEMBL4081699,CHEMBL1914,CCOC(=O)C(CCC(=O)NCCC1CCN(Cc2ccccc2)CC1)NC(=O)c1c[nH]c2ccccc12,56
O=C(CCC(N[*:2])C(=O)OCC[*:1])NCCC1CCN(Cc2ccccc2)CC1,CCCC[*:1].O=C(c1ccccc1)[*:2],CHEMBL1080631_CHEMBL4079599,CHEMBL1914,CCCCCCOC(=O)C(CCC(=O)NCCC1CCN(Cc2ccccc2)CC1)NC(=O)c1ccccc1,56
CCCCN(CCC1CCCCCC1)Cc1cc(O[*:1])c2ccccc2c1,[*:1],CHEMBL5187323,CHEMBL1914,CCCCN(CCC1CCCCCC1)Cc1cc(O)c2ccccc2c1,57
CCCCN(CCC1CCCCCC1)Cc1cc(O[*:1])c2ccccc2c1,CN(C)C(=O)[*:1],CHEMBL5172799,CHEMBL1914,CCCCN(CCC1CCCCCC1)Cc1cc(OC(=O)N(C)C)c2ccccc2c1,57
CCCCN(CCc1c([*:1])n([*:2])c2ccccc12)CCC1CCCCCC1,[*:1].[*:2],CHEMBL5169405,CHEMBL1914,CCCCN(CCc1c[nH]c2ccccc12)CCC1CCCCCC1,58
CCCCN(CCc1c([*:1])n([*:2])c2ccccc12)CCC1CCCCCC1,Oc1ccccc1[*:1].[*:2],CHEMBL5182875,CHEMBL1914,CCCCN(CCc1c(-c2ccccc2O)[nH]c2ccccc12)CCC1CCCCCC1,58
CCCCN(CCc1c([*:1])n([*:2])c2ccccc12)CCC1CCCCCC1,CN(C)C(=O)Oc1ccccc1[*:1].[*:2],CHEMBL5177932,CHEMBL1914,CCCCN(CCc1c(-c2ccccc2OC(=O)N(C)C)[nH]c2ccccc12)CCC1CCCCCC1,58
CCCCN(CCc1c([*:1])n([*:2])c2ccccc12)CCC1CCCCCC1,CN(C)C(=O)[*:2].[*:1],CHEMBL5173013,CHEMBL1914,CCCCN(CCc1cn(C(=O)N(C)C)c2ccccc12)CCC1CCCCCC1,58
c1ccc2c(CCN(CCC3CCCCCC3)[*:1])c[nH]c2c1,[*:1],CHEMBL5170179,CHEMBL1914,c1ccc2c(CCNCCC3CCCCCC3)c[nH]c2c1,59
c1ccc2c(CCN(CCC3CCCCCC3)[*:1])c[nH]c2c1,C[*:1],CHEMBL5182671,CHEMBL1914,CN(CCc1c[nH]c2ccccc12)CCC1CCCCCC1,59
CCCCN(CCc1c[nH]c2c(O[*:1])cccc12)CCC1CCCCCC1,[*:1],CHEMBL5186857,CHEMBL1914,CCCCN(CCc1c[nH]c2c(O)cccc12)CCC1CCCCCC1,60
CCCCN(CCc1c[nH]c2c(O[*:1])cccc12)CCC1CCCCCC1,CC(C)C(=O)[*:1],CHEMBL5186889,CHEMBL1914,CCCCN(CCc1c[nH]c2c(OC(=O)C(C)C)cccc12)CCC1CCCCCC1,60
CCCCN(CCc1c[nH]c2cc(O[*:1])ccc12)CCC1CCCCCC1,[*:1],CHEMBL5189102,CHEMBL1914,CCCCN(CCc1c[nH]c2cc(O)ccc12)CCC1CCCCCC1,61
CCCCN(CCc1c[nH]c2cc(O[*:1])ccc12)CCC1CCCCCC1,CN(C)C(=O)[*:1],CHEMBL5171829,CHEMBL1914,CCCCN(CCc1c[nH]c2cc(OC(=O)N(C)C)ccc12)CCC1CCCCCC1,61
COc1cc2c(cc1OC)C(Cc1ccc(OCCCCCC[*:1])cc1)NCC2,CCCCN(CCCC)[*:1],CHEMBL3262663,CHEMBL1914,CCCCN(CCCC)CCCCCCOc1ccc(CC2NCCc3cc(OC)c(OC)cc32)cc1,62
COc1cc2c(cc1OC)C(Cc1ccc(OCCCCCC[*:1])cc1)NCC2,c1ccc(C2CCN([*:1])CC2)cc1,CHEMBL3262673,CHEMBL1914,COc1cc2c(cc1OC)C(Cc1ccc(OCCCCCCN3CCC(c4ccccc4)CC3)cc1)NCC2,62
COc1cc2c(cc1OC)C(Cc1ccc(OCCCCCC[*:1])cc1)NCC2,CC1CCCN1[*:1],CHEMBL3262664,CHEMBL1914,COc1cc2c(cc1OC)C(Cc1ccc(OCCCCCCN3CCCC3C)cc1)NCC2,62
COc1cc2c(cc1OC)C(Cc1ccc(OCCCCCC[*:1])cc1)NCC2,C1CCN([*:1])CC1,CHEMBL3262666,CHEMBL1914,COc1cc2c(cc1OC)C(Cc1ccc(OCCCCCCN3CCCCC3)cc1)NCC2,62
COc1cc2c(cc1OC)C(Cc1ccc(OCCCCCC[*:1])cc1)NCC2,CC1CCCCN1[*:1],CHEMBL3262665,CHEMBL1914,COc1cc2c(cc1OC)C(Cc1ccc(OCCCCCCN3CCCCC3C)cc1)NCC2,62
COc1cc2c(cc1OC)C(Cc1ccc(OCCCCCC[*:1])cc1)NCC2,C1CCN([*:1])C1,CHEMBL3262667,CHEMBL1914,COc1cc2c(cc1OC)C(Cc1ccc(OCCCCCCN3CCCC3)cc1)NCC2,62
COc1cc2c(cc1OC)C(Cc1ccc(OCCCCCC[*:1])cc1)NCC2,CN(C)[*:1],CHEMBL3262661,CHEMBL1914,COc1cc2c(cc1OC)C(Cc1ccc(OCCCCCCN(C)C)cc1)NCC2,62
CCCCN(CCc1c[nH]c2ccc(O[*:1])cc12)CCC1CCCCCC1,[*:1],CHEMBL5200993,CHEMBL1914,CCCCN(CCc1c[nH]c2ccc(O)cc12)CCC1CCCCCC1,63
CCCCN(CCc1c[nH]c2ccc(O[*:1])cc12)CCC1CCCCCC1,CN(C)C(=O)[*:1],CHEMBL5201118,CHEMBL1914,CCCCN(CCc1c[nH]c2ccc(OC(=O)N(C)C)cc12)CCC1CCCCCC1,63
O=C(CCCCC1CCSS1)OC1CC2OC(OC(=O)[*:1])CC2O1,CCCCN[*:1],CHEMBL5188267,CHEMBL1914,CCCCNC(=O)OC1CC2OC(OC(=O)CCCCC3CCSS3)CC2O1,64
O=C(CCCCC1CCSS1)OC1CC2OC(OC(=O)[*:1])CC2O1,c1ccc(CN[*:1])cc1,CHEMBL5205151,CHEMBL1914,O=C(CCCCC1CCSS1)OC1CC2OC(OC(=O)NCc3ccccc3)CC2O1,64
CCCCNC(C[*:1])C(=O)NCCC1CCCCCC1,c1ccc2c([*:1])c[nH]c2c1,CHEMBL4790886,CHEMBL1914,CCCCNC(Cc1c[nH]c2ccccc12)C(=O)NCCC1CCCCCC1,65
CCCCNC(C[*:1])C(=O)NCCC1CCCCCC1,c1ccc([*:1])cc1,CHEMBL4791899,CHEMBL1914,CCCCNC(Cc1ccccc1)C(=O)NCCC1CCCCCC1,65
CCCCNC(Cc1c[nH]c2ccccc12)C(=O)NCCC1CCCN([*:1])CC1,Fc1cc(F)c(F)c(C[*:1])c1F,CHEMBL4758457,CHEMBL1914,CCCCNC(Cc1c[nH]c2ccccc12)C(=O)NCCC1CCCN(Cc2c(F)c(F)cc(F)c2F)CC1,66
CCCCNC(Cc1c[nH]c2ccccc12)C(=O)NCCC1CCCN([*:1])CC1,c1ccc(C[*:1])cc1,CHEMBL4750731,CHEMBL1914,CCCCNC(Cc1c[nH]c2ccccc12)C(=O)NCCC1CCCN(Cc2ccccc2)CC1,66
CCCCNC(Cc1c[nH]c2ccccc12)C(=O)NCCC1CCCN([*:1])CC1,COc1ccc(C[*:1])cc1,CHEMBL4787212,CHEMBL1914,CCCCNC(Cc1c[nH]c2ccccc12)C(=O)NCCC1CCCN(Cc2ccc(OC)cc2)CC1,66
CCCCNC(Cc1c[nH]c2ccccc12)C(=O)NCCC1CCN([*:1])CC1,CN1CCC(C[*:1])CC1,CHEMBL4745688,CHEMBL1914,CCCCNC(Cc1c[nH]c2ccccc12)C(=O)NCCC1CCN(CC2CCN(C)CC2)CC1,67
CCCCNC(Cc1c[nH]c2ccccc12)C(=O)NCCC1CCN([*:1])CC1,c1ccc(C[*:1])cc1,CHEMBL4787418,CHEMBL1914,CCCCNC(Cc1c[nH]c2ccccc12)C(=O)NCCC1CCN(Cc2ccccc2)CC1,67
CCCCNC(Cc1c[nH]c2ccccc12)C(=O)NCCC1CCN([*:1])CC1,c1ccc([*:1])cc1,CHEMBL4790897,CHEMBL1914,CCCCNC(Cc1c[nH]c2ccccc12)C(=O)NCCC1CCN(c2ccccc2)CC1,67
CCCCNC(Cc1c[nH]c2ccccc12)C(=O)NCCC1CCN([*:1])CC1,c1ccc(CC[*:1])cc1,CHEMBL4785796,CHEMBL1914,CCCCNC(Cc1c[nH]c2ccccc12)C(=O)NCCC1CCN(CCc2ccccc2)CC1,67
O=C(NCc1ccccc1CN([*:1])[*:2])c1cccc(NC(=O)c2cccs2)c1,CCC[*:1].CCC[*:2],CHEMBL5208367,CHEMBL1914,CCCN(CCC)Cc1ccccc1CNC(=O)c1cccc(NC(=O)c2cccs2)c1,68
O=C(NCc1ccccc1CN([*:1])[*:2])c1cccc(NC(=O)c2cccs2)c1,C[*:1].C[*:2],CHEMBL5173939,CHEMBL1914,CN(C)Cc1ccccc1CNC(=O)c1cccc(NC(=O)c2cccs2)c1,68
CCCc1n[nH]c2c1C([*:1])c1c(nc3c(c1N)CCCC3)O2,N#Cc1ccc([*:1])cc1,CHEMBL3909837,CHEMBL1914,CCCc1n[nH]c2c1C(c1ccc(C#N)cc1)c1c(nc3c(c1N)CCCC3)O2,69
CCCc1n[nH]c2c1C([*:1])c1c(nc3c(c1N)CCCC3)O2,Cc1ccc([*:1])cc1,CHEMBL3958499,CHEMBL1914,CCCc1n[nH]c2c1C(c1ccc(C)cc1)c1c(nc3c(c1N)CCCC3)O2,69
CCCc1n[nH]c2c1C([*:1])c1c(nc3c(c1N)CCCC3)O2,Clc1ccc([*:1])cc1,CHEMBL3927562,CHEMBL1914,CCCc1n[nH]c2c1C(c1ccc(Cl)cc1)c1c(nc3c(c1N)CCCC3)O2,69
CCCc1n[nH]c2c1C([*:1])c1c(nc3c(c1N)CCCC3)O2,COc1ccc([*:1])cc1OC,CHEMBL3954267,CHEMBL1914,CCCc1n[nH]c2c1C(c1ccc(OC)c(OC)c1)c1c(nc3c(c1N)CCCC3)O2,69
CCCc1n[nH]c2c1C([*:1])c1c(nc3c(c1N)CCCC3)O2,COc1ccc([*:1])cc1,CHEMBL3927698,CHEMBL1914,CCCc1n[nH]c2c1C(c1ccc(OC)cc1)c1c(nc3c(c1N)CCCC3)O2,69
CCCc1n[nH]c2c1C([*:1])c1c(nc3c(c1N)CCCC3)O2,CSc1ccc([*:1])cc1,CHEMBL3982934,CHEMBL1914,CCCc1n[nH]c2c1C(c1ccc(SC)cc1)c1c(nc3c(c1N)CCCC3)O2,69
CCCc1n[nH]c2c1C([*:1])c1c(nc3c(c1N)CCCC3)O2,O=[N+]([O-])c1ccc([*:1])cc1,CHEMBL3986738,CHEMBL1914,CCCc1n[nH]c2c1C(c1ccc([N+](=O)[O-])cc1)c1c(nc3c(c1N)CCCC3)O2,69
CCCc1n[nH]c2c1C([*:1])c1c(nc3c(c1N)CCCC3)O2,Brc1cccc([*:1])c1,CHEMBL3955170,CHEMBL1914,CCCc1n[nH]c2c1C(c1cccc(Br)c1)c1c(nc3c(c1N)CCCC3)O2,69
CCCc1n[nH]c2c1C([*:1])c1c(nc3c(c1N)CCCC3)O2,O=[N+]([O-])c1cccc([*:1])c1,CHEMBL3918773,CHEMBL1914,CCCc1n[nH]c2c1C(c1cccc([N+](=O)[O-])c1)c1c(nc3c(c1N)CCCC3)O2,69
CCCc1n[nH]c2c1C([*:1])c1c(nc3c(c1N)CCCC3)O2,COc1ccccc1[*:1],CHEMBL3985651,CHEMBL1914,CCCc1n[nH]c2c1C(c1ccccc1OC)c1c(nc3c(c1N)CCCC3)O2,69
CCCc1n[nH]c2c1C([*:1])c1c(nc3c(c1N)CCCC3)O2,CN(C)c1ccc([*:1])cc1,CHEMBL3948260,CHEMBL1914,CCCc1n[nH]c2c1C(c1ccc(N(C)C)cc1)c1c(nc3c(c1N)CCCC3)O2,69
CCCc1n[nH]c2c1C([*:1])c1c(nc3c(c1N)CCCCC3)O2,Clc1ccc([*:1])cc1,CHEMBL3956922,CHEMBL1914,CCCc1n[nH]c2c1C(c1ccc(Cl)cc1)c1c(nc3c(c1N)CCCCC3)O2,70
CCCc1n[nH]c2c1C([*:1])c1c(nc3c(c1N)CCCCC3)O2,c1ccc([*:1])cc1,CHEMBL3929352,CHEMBL1914,CCCc1n[nH]c2c1C(c1ccccc1)c1c(nc3c(c1N)CCCCC3)O2,70
CCCc1n[nH]c2c1C([*:1])c1c(nc3c(c1N)CSCC3)O2,Cc1ccc([*:1])cc1,CHEMBL3930499,CHEMBL1914,CCCc1n[nH]c2c1C(c1ccc(C)cc1)c1c(nc3c(c1N)CSCC3)O2,71
CCCc1n[nH]c2c1C([*:1])c1c(nc3c(c1N)CSCC3)O2,Clc1ccc([*:1])cc1,CHEMBL3902506,CHEMBL1914,CCCc1n[nH]c2c1C(c1ccc(Cl)cc1)c1c(nc3c(c1N)CSCC3)O2,71
O=C(Nc1ccccc1CN([*:1])[*:2])c1cccc(NC(=O)c2cccs2)c1,CCC[*:1].CCC[*:2],CHEMBL5186019,CHEMBL1914,CCCN(CCC)Cc1ccccc1NC(=O)c1cccc(NC(=O)c2cccs2)c1,72
O=C(Nc1ccccc1CN([*:1])[*:2])c1cccc(NC(=O)c2cccs2)c1,CC[*:1].CC[*:2],CHEMBL5185423,CHEMBL1914,CCN(CC)Cc1ccccc1NC(=O)c1cccc(NC(=O)c2cccs2)c1,72
O=C(Nc1ccccc1CN([*:1])[*:2])c1cccc(NC(=O)c2cccs2)c1,C[*:1].C[*:2],CHEMBL5179673,CHEMBL1914,CN(C)Cc1ccccc1NC(=O)c1cccc(NC(=O)c2cccs2)c1,72
O=C(OC1CCCN(C2Cc3ccccc3C2)C1)[*:1],CCN(C)[*:1],CHEMBL4786091,CHEMBL1914,CCN(C)C(=O)OC1CCCN(C2Cc3ccccc3C2)C1,73
O=C(OC1CCCN(C2Cc3ccccc3C2)C1)[*:1],c1ccc(N[*:1])cc1,CHEMBL4782422,CHEMBL1914,O=C(Nc1ccccc1)OC1CCCN(C2Cc3ccccc3C2)C1,73
O=C(OCC1CCN(C2Cc3ccccc3C2)CC1)[*:1],CCN(C)[*:1],CHEMBL4800467,CHEMBL1914,CCN(C)C(=O)OCC1CCN(C2Cc3ccccc3C2)CC1,74
O=C(OCC1CCN(C2Cc3ccccc3C2)CC1)[*:1],c1ccc(N[*:1])cc1,CHEMBL4793387,CHEMBL1914,O=C(Nc1ccccc1)OCC1CCN(C2Cc3ccccc3C2)CC1,74
O=C(C=Cc1ccc(O[*:1])cc1)c1ccc(O[*:2])cc1,CCN(C)C(=O)[*:1].[*:2],CHEMBL3934261,CHEMBL1914,CCN(C)C(=O)Oc1ccc(C=CC(=O)c2ccc(O)cc2)cc1,75
O=C(C=Cc1ccc(O[*:1])cc1)c1ccc(O[*:2])cc1,CN(C)C(=O)[*:1].[*:2],CHEMBL3972801,CHEMBL1914,CN(C)C(=O)Oc1ccc(C=CC(=O)c2ccc(O)cc2)cc1,75
O=C(C=Cc1ccc(O[*:1])cc1)c1ccc(O[*:2])cc1,CCN(C)C(=O)[*:2].C[*:1],CHEMBL3902620,CHEMBL1914,CCN(C)C(=O)Oc1ccc(C(=O)C=Cc2ccc(OC)cc2)cc1,75
COc1cc(C=CC(=O)N2CCC(Cc3ccccc3)CC2)ccc1OC(=O)[*:1],CCN(C)[*:1],CHEMBL4787165,CHEMBL1914,CCN(C)C(=O)Oc1ccc(C=CC(=O)N2CCC(Cc3ccccc3)CC2)cc1OC,76
COc1cc(C=CC(=O)N2CCC(Cc3ccccc3)CC2)ccc1OC(=O)[*:1],CCN(CC)[*:1],CHEMBL4761179,CHEMBL1914,CCN(CC)C(=O)Oc1ccc(C=CC(=O)N2CCC(Cc3ccccc3)CC2)cc1OC,76
COc1cc(C=CC(=O)N2CCC(Cc3ccccc3)CC2)ccc1OC(=O)[*:1],CN(C)[*:1],CHEMBL4792013,CHEMBL1914,COc1cc(C=CC(=O)N2CCC(Cc3ccccc3)CC2)ccc1OC(=O)N(C)C,76
O=C(C=Cc1ccc(O[*:1])cc1)c1cccc(O[*:2])c1,CCN(C)C(=O)[*:2].[*:1],CHEMBL3896326,CHEMBL1914,CCN(C)C(=O)Oc1cccc(C(=O)C=Cc2ccc(O)cc2)c1,77
O=C(C=Cc1ccc(O[*:1])cc1)c1cccc(O[*:2])c1,CN(C)C(=O)[*:2].[*:1],CHEMBL3921061,CHEMBL1914,CN(C)C(=O)Oc1cccc(C(=O)C=Cc2ccc(O)cc2)c1,77
O=C(C=Cc1ccc(O[*:1])cc1)c1cccc(O[*:2])c1,CCN(C)C(=O)[*:1].[*:2],CHEMBL3930610,CHEMBL1914,CCN(C)C(=O)Oc1ccc(C=CC(=O)c2cccc(O)c2)cc1,77
O=C(C=Cc1ccc(O[*:1])cc1)c1cccc(O[*:2])c1,CCN(C)C(=O)[*:2].C[*:1],CHEMBL3939604,CHEMBL1914,CCN(C)C(=O)Oc1cccc(C(=O)C=Cc2ccc(OC)cc2)c1,77
O=C(C=Cc1ccc(O[*:1])cc1)c1cccc(O[*:2])c1,CN(C)C(=O)[*:2].C[*:1],CHEMBL3948367,CHEMBL1914,COc1ccc(C=CC(=O)c2cccc(OC(=O)N(C)C)c2)cc1,77
CCN(C)C(=O)Oc1cccc(C=CC(=O)[*:1])c1,Oc1ccc([*:1])cc1,CHEMBL3943230,CHEMBL1914,CCN(C)C(=O)Oc1cccc(C=CC(=O)c2ccc(O)cc2)c1,78
CCN(C)C(=O)Oc1cccc(C=CC(=O)[*:1])c1,Oc1cccc([*:1])c1,CHEMBL3951968,CHEMBL1914,CCN(C)C(=O)Oc1cccc(C=CC(=O)c2cccc(O)c2)c1,78
CCN(C)C(=O)Oc1cccc(C=CC(=O)[*:1])c1,Oc1ccccc1[*:1],CHEMBL4466019,CHEMBL1914,CCN(C)C(=O)Oc1cccc(C=CC(=O)c2ccccc2O)c1,78
COc1cc(C=CC(=O)N2CCc3ccccc3C2)ccc1OC(=O)[*:1],CCN(C)[*:1],CHEMBL4793075,CHEMBL1914,CCN(C)C(=O)Oc1ccc(C=CC(=O)N2CCc3ccccc3C2)cc1OC,79
COc1cc(C=CC(=O)N2CCc3ccccc3C2)ccc1OC(=O)[*:1],CCN(CC)[*:1],CHEMBL4779514,CHEMBL1914,CCN(CC)C(=O)Oc1ccc(C=CC(=O)N2CCc3ccccc3C2)cc1OC,79
COc1cc(C=CC(=O)N2CCc3ccccc3C2)ccc1OC(=O)[*:1],CN(C)[*:1],CHEMBL4759959,CHEMBL1914,COc1cc(C=CC(=O)N2CCc3ccccc3C2)ccc1OC(=O)N(C)C,79
O=C1C(=Cc2ccc(OCC[*:1])cc2)COc2ccccc21,CCN(CC)CCCC[*:1],CHEMBL4280935,CHEMBL1914,CCN(CC)CCCCCCOc1ccc(C=C2COc3ccccc3C2=O)cc1,80
O=C1C(=Cc2ccc(OCC[*:1])cc2)COc2ccccc21,CN(C)[*:1],CHEMBL4283770,CHEMBL1914,CN(C)CCOc1ccc(C=C2COc3ccccc3C2=O)cc1,80
COc1cc(C=CC(=O)Nc2ccccc2)ccc1OCCCC[*:1],CCN(CC)CCCCCC[*:1],CHEMBL4087300,CHEMBL1914,CCN(CC)CCCCCCCCCCOc1ccc(C=CC(=O)Nc2ccccc2)cc1OC,81
COc1cc(C=CC(=O)Nc2ccccc2)ccc1OCCCC[*:1],CCN(CC)CC[*:1],CHEMBL4094981,CHEMBL1914,CCN(CC)CCCCCCOc1ccc(C=CC(=O)Nc2ccccc2)cc1OC,81
COc1cc(C=CC(=O)Nc2ccccc2)ccc1OCCCC[*:1],CCN(CC)CCCC[*:1],CHEMBL4105158,CHEMBL1914,CCN(CC)CCCCCCCCOc1ccc(C=CC(=O)Nc2ccccc2)cc1OC,81
COc1cc(C=CC(=O)Nc2ccccc2)ccc1OCCCC[*:1],C1CCN(CCCC[*:1])C1,CHEMBL4100736,CHEMBL1914,COc1cc(C=CC(=O)Nc2ccccc2)ccc1OCCCCCCCCN1CCCC1,81
COc1cc(C=CC(=O)Nc2ccccc2)ccc1OCCCC[*:1],C(CCC[*:1])CCN1CCCC1,CHEMBL4082739,CHEMBL1914,COc1cc(C=CC(=O)Nc2ccccc2)ccc1OCCCCCCCCCCN1CCCC1,81
COc1cc(C=CC(=O)Nc2ccccc2)ccc1OCCCC[*:1],CN(C)CC[*:1],CHEMBL4063045,CHEMBL1914,COc1cc(C=CC(=O)Nc2ccccc2)ccc1OCCCCCCN(C)C,81
COc1cc(C=CC(=O)Nc2ccccc2)ccc1OCCCC[*:1],C1CCN(CCCC[*:1])CC1,CHEMBL4098132,CHEMBL1914,COc1cc(C=CC(=O)Nc2ccccc2)ccc1OCCCCCCCCN1CCCCC1,81
COc1cc(C=CC(=O)Nc2ccccc2)ccc1OCCCC[*:1],C1CCN(CC[*:1])C1,CHEMBL4072258,CHEMBL1914,COc1cc(C=CC(=O)Nc2ccccc2)ccc1OCCCCCCN1CCCC1,81
COc1cc(C=CC(=O)Nc2ccccc2)ccc1OCCCC[*:1],C1CCN([*:1])C1,CHEMBL4063663,CHEMBL1914,COc1cc(C=CC(=O)Nc2ccccc2)ccc1OCCCCN1CCCC1,81
COc1cc(C=CC(=O)Nc2ccccc2)ccc1OCCCC[*:1],C1CCN([*:1])CC1,CHEMBL4069385,CHEMBL1914,COc1cc(C=CC(=O)Nc2ccccc2)ccc1OCCCCN1CCCCC1,81
COc1cc(C=CC(=O)Nc2ccccc2)ccc1OCCCC[*:1],C(CCC[*:1])CCN1CCCCC1,CHEMBL4074258,CHEMBL1914,COc1cc(C=CC(=O)Nc2ccccc2)ccc1OCCCCCCCCCCN1CCCCC1,81
CN(Cc1ccccc1)Cc1ccc(C=C2Cc3ccc(O[*:1])cc3C2=O)cc1,CCN(CC)CCCC[*:1],CHEMBL598645,CHEMBL1914,CCN(CC)CCCCOc1ccc2c(c1)C(=O)C(=Cc1ccc(CN(C)Cc3ccccc3)cc1)C2,82
CN(Cc1ccccc1)Cc1ccc(C=C2Cc3ccc(O[*:1])cc3C2=O)cc1,CCN(CC)CCCCC[*:1],CHEMBL599057,CHEMBL1914,CCN(CC)CCCCCOc1ccc2c(c1)C(=O)C(=Cc1ccc(CN(C)Cc3ccccc3)cc1)C2,82
CN(Cc1ccccc1)Cc1ccc(C=C2Cc3ccc(O[*:1])cc3C2=O)cc1,C1CCN(CCCC[*:1])CC1,CHEMBL597822,CHEMBL1914,CN(Cc1ccccc1)Cc1ccc(C=C2Cc3ccc(OCCCCN4CCCCC4)cc3C2=O)cc1,82
CN(Cc1ccccc1)Cc1ccc(C=C2Cc3ccc(O[*:1])cc3C2=O)cc1,C1CCN(CCCCC[*:1])CC1,CHEMBL603256,CHEMBL1914,CN(Cc1ccccc1)Cc1ccc(C=C2Cc3ccc(OCCCCCN4CCCCC4)cc3C2=O)cc1,82
CN(Cc1ccccc1)Cc1ccc(C=C2Cc3ccc(O[*:1])cc3C2=O)cc1,C[*:1],CHEMBL610779,CHEMBL1914,COc1ccc2c(c1)C(=O)C(=Cc1ccc(CN(C)Cc3ccccc3)cc1)C2,82
COc1cc(C=CC(=O)Nc2ccccc2)ccc1OCCC[*:1],C1CCN(CC[*:1])C1,CHEMBL4093019,CHEMBL1914,COc1cc(C=CC(=O)Nc2ccccc2)ccc1OCCCCCN1CCCC1,83
COc1cc(C=CC(=O)Nc2ccccc2)ccc1OCCC[*:1],C1CCN([*:1])CC1,CHEMBL4068340,CHEMBL1914,COc1cc(C=CC(=O)Nc2ccccc2)ccc1OCCCN1CCCCC1,83
COc1cc(C=CC(=O)Nc2ccccc2)ccc1OCCC[*:1],C1CCN(CC[*:1])CC1,CHEMBL4090413,CHEMBL1914,COc1cc(C=CC(=O)Nc2ccccc2)ccc1OCCCCCN1CCCCC1,83
O=C(OCC[*:1])N1c2ccccc2Sc2ccccc21,C1CCN([*:1])CC1,CHEMBL481154,CHEMBL1914,O=C(OCCN1CCCCC1)N1c2ccccc2Sc2ccccc21,84
O=C(OCC[*:1])N1c2ccccc2Sc2ccccc21,C1CN([*:1])CCO1,CHEMBL481155,CHEMBL1914,O=C(OCCN1CCOCC1)N1c2ccccc2Sc2ccccc21,84
CN(Cc1ccccc1)Cc1ccc(C=C2CCc3cc(OCCCCC[*:1])ccc3C2=O)cc1,CCN(CC)[*:1],CHEMBL597188,CHEMBL1914,CCN(CC)CCCCCOc1ccc2c(c1)CCC(=Cc1ccc(CN(C)Cc3ccccc3)cc1)C2=O,85
CN(Cc1ccccc1)Cc1ccc(C=C2CCc3cc(OCCCCC[*:1])ccc3C2=O)cc1,C1CCN([*:1])CC1,CHEMBL599644,CHEMBL1914,CN(Cc1ccccc1)Cc1ccc(C=C2CCc3cc(OCCCCCN4CCCCC4)ccc3C2=O)cc1,85
CCN(CC)Cc1ccccc1CNC(=O)c1cccc(N[*:1])c1,Cc1ccc(C(=O)[*:1])cc1,CHEMBL5195425,CHEMBL1914,CCN(CC)Cc1ccccc1CNC(=O)c1cccc(NC(=O)c2ccc(C)cc2)c1,86
CCN(CC)Cc1ccccc1CNC(=O)c1cccc(N[*:1])c1,O=C(c1ccc(Br)cc1)[*:1],CHEMBL5181960,CHEMBL1914,CCN(CC)Cc1ccccc1CNC(=O)c1cccc(NC(=O)c2ccc(Br)cc2)c1,86
CCN(CC)Cc1ccccc1CNC(=O)c1cccc(N[*:1])c1,O=C(C1CCCCC1)[*:1],CHEMBL5171447,CHEMBL1914,CCN(CC)Cc1ccccc1CNC(=O)c1cccc(NC(=O)C2CCCCC2)c1,86
CCN(CC)Cc1ccccc1CNC(=O)c1cccc(N[*:1])c1,O=C(c1ccc(F)cc1)[*:1],CHEMBL5195228,CHEMBL1914,CCN(CC)Cc1ccccc1CNC(=O)c1cccc(NC(=O)c2ccc(F)cc2)c1,86
CCN(CC)Cc1ccccc1CNC(=O)c1cccc(N[*:1])c1,O=C(c1ccc(Cl)cc1)[*:1],CHEMBL5198895,CHEMBL1914,CCN(CC)Cc1ccccc1CNC(=O)c1cccc(NC(=O)c2ccc(Cl)cc2)c1,86
CCN(CC)Cc1ccccc1CNC(=O)c1cccc(N[*:1])c1,O=C(c1cccc(F)c1)[*:1],CHEMBL5190745,CHEMBL1914,CCN(CC)Cc1ccccc1CNC(=O)c1cccc(NC(=O)c2cccc(F)c2)c1,86
CCN(CC)Cc1ccccc1CNC(=O)c1cccc(N[*:1])c1,O=C(c1ccccc1F)[*:1],CHEMBL5198770,CHEMBL1914,CCN(CC)Cc1ccccc1CNC(=O)c1cccc(NC(=O)c2ccccc2F)c1,86
CCN(CC)Cc1ccccc1CNC(=O)c1cccc(N[*:1])c1,O=C(c1ccccc1)[*:1],CHEMBL5195383,CHEMBL1914,CCN(CC)Cc1ccccc1CNC(=O)c1cccc(NC(=O)c2ccccc2)c1,86
CCN(CC)Cc1ccccc1CNC(=O)c1cccc(N[*:1])c1,O=C(c1ccc(I)cc1)[*:1],CHEMBL5200785,CHEMBL1914,CCN(CC)Cc1ccccc1CNC(=O)c1cccc(NC(=O)c2ccc(I)cc2)c1,86
CCN(CC)Cc1ccccc1CNC(=O)c1cccc(N[*:1])c1,COc1ccc(C(=O)[*:1])cc1,CHEMBL5188290,CHEMBL1914,CCN(CC)Cc1ccccc1CNC(=O)c1cccc(NC(=O)c2ccc(OC)cc2)c1,86
CCN(CC)Cc1ccccc1CNC(=O)c1cccc(N[*:1])c1,O=C(c1ccco1)[*:1],CHEMBL5201951,CHEMBL1914,CCN(CC)Cc1ccccc1CNC(=O)c1cccc(NC(=O)c2ccco2)c1,86
CCN(CC)Cc1ccccc1CNC(=O)c1cccc(N[*:1])c1,O=S(=O)(c1cccs1)[*:1],CHEMBL5188959,CHEMBL1914,CCN(CC)Cc1ccccc1CNC(=O)c1cccc(NS(=O)(=O)c2cccs2)c1,86
CCN(CC)Cc1ccccc1CNC(=O)c1cccc(N[*:1])c1,O=C(c1cccs1)[*:1],CHEMBL5185039,CHEMBL1914,CCN(CC)Cc1ccccc1CNC(=O)c1cccc(NC(=O)c2cccs2)c1,86
O=C(CC[*:1])NCCNc1c2c(nc3ccccc13)CCCC2,CCN(C1CCCCC1)[*:1],CHEMBL3322140,CHEMBL1914,CCN(CCC(=O)NCCNc1c2c(nc3ccccc13)CCCC2)C1CCCCC1,87
O=C(CC[*:1])NCCNc1c2c(nc3ccccc13)CCCC2,CN(C1CCCCC1)[*:1],CHEMBL3322155,CHEMBL1914,CN(CCC(=O)NCCNc1c2c(nc3ccccc13)CCCC2)C1CCCCC1,87
O=C(CC[*:1])NCCNc1c2c(nc3ccccc13)CCCC2,C1CC(CC[*:1])SS1,CHEMBL192682,CHEMBL1914,O=C(CCCCC1CCSS1)NCCNc1c2c(nc3ccccc13)CCCC2,87
O=C(CC[*:1])N1CCN(CCNc2c3c(nc4ccccc24)CCCC3)CC1,CCN(C1CCCCC1)[*:1],CHEMBL2064465,CHEMBL1914,CCN(CCC(=O)N1CCN(CCNc2c3c(nc4ccccc24)CCCC3)CC1)C1CCCCC1,88
O=C(CC[*:1])N1CCN(CCNc2c3c(nc4ccccc24)CCCC3)CC1,CN(C1CCCCC1)[*:1],CHEMBL2064464,CHEMBL1914,CN(CCC(=O)N1CCN(CCNc2c3c(nc4ccccc24)CCCC3)CC1)C1CCCCC1,88
O=C(CC[*:1])N1CCN(CCNc2c3c(nc4ccccc24)CCCC3)CC1,CN(c1ccccc1)[*:1],CHEMBL2064466,CHEMBL1914,CN(CCC(=O)N1CCN(CCNc2c3c(nc4ccccc24)CCCC3)CC1)c1ccccc1,88
O=C(CC[*:1])N1CCN(CCNc2c3c(nc4ccccc24)CCCC3)CC1,C1CCN([*:1])CC1,CHEMBL2064404,CHEMBL1914,O=C(CCN1CCCCC1)N1CCN(CCNc2c3c(nc4ccccc24)CCCC3)CC1,88
O=C(CC[*:1])NCCCCNc1c2c(nc3ccccc13)CCCC2,CCN(C1CCCCC1)[*:1],CHEMBL3322142,CHEMBL1914,CCN(CCC(=O)NCCCCNc1c2c(nc3ccccc13)CCCC2)C1CCCCC1,89
O=C(CC[*:1])NCCCCNc1c2c(nc3ccccc13)CCCC2,CN(C1CCCCC1)[*:1],CHEMBL3322157,CHEMBL1914,CN(CCC(=O)NCCCCNc1c2c(nc3ccccc13)CCCC2)C1CCCCC1,89
O=C(CC[*:1])NCCCCNc1c2c(nc3ccccc13)CCCC2,C1CC(CC[*:1])SS1,CHEMBL424833,CHEMBL1914,O=C(CCCCC1CCSS1)NCCCCNc1c2c(nc3ccccc13)CCCC2,89
O=C(CC[*:1])NCCCNc1c2c(nc3ccccc13)CCCC2,CCN(C1CCCCC1)[*:1],CHEMBL3322141,CHEMBL1914,CCN(CCC(=O)NCCCNc1c2c(nc3ccccc13)CCCC2)C1CCCCC1,90
O=C(CC[*:1])NCCCNc1c2c(nc3ccccc13)CCCC2,CN(C1CCCCC1)[*:1],CHEMBL3322156,CHEMBL1914,CN(CCC(=O)NCCCNc1c2c(nc3ccccc13)CCCC2)C1CCCCC1,90
O=C(CC[*:1])NCCCNc1c2c(nc3ccccc13)CCCC2,C1CC(CC[*:1])SS1,CHEMBL195179,CHEMBL1914,O=C(CCCCC1CCSS1)NCCCNc1c2c(nc3ccccc13)CCCC2,90
c1ccc2c(NCCCCN(CCCNc3c4c(nc5ccccc35)CCCC4)[*:1])c3c(nc2c1)CCCC3,CC[*:1],CHEMBL490060,CHEMBL1914,CCN(CCCCNc1c2c(nc3ccccc13)CCCC2)CCCNc1c2c(nc3ccccc13)CCCC2,91
c1ccc2c(NCCCCN(CCCNc3c4c(nc5ccccc35)CCCC4)[*:1])c3c(nc2c1)CCCC3,C[*:1],CHEMBL489454,CHEMBL1914,CN(CCCCNc1c2c(nc3ccccc13)CCCC2)CCCNc1c2c(nc3ccccc13)CCCC2,91
c1ccc2c(NCCCN(CCCNc3c4c(nc5ccccc35)CCCC4)[*:1])c3c(nc2c1)CCCC3,CC[*:1],CHEMBL262565,CHEMBL1914,CCN(CCCNc1c2c(nc3ccccc13)CCCC2)CCCNc1c2c(nc3ccccc13)CCCC2,92
c1ccc2c(NCCCN(CCCNc3c4c(nc5ccccc35)CCCC4)[*:1])c3c(nc2c1)CCCC3,C[*:1],CHEMBL338755,CHEMBL1914,CN(CCCNc1c2c(nc3ccccc13)CCCC2)CCCNc1c2c(nc3ccccc13)CCCC2,92
c1ccc2c(NCCN3CCN(CCCN([*:1])[*:2])CC3)c3c(nc2c1)CCCC3,C1CCC([*:1])CC1.CC[*:2],CHEMBL2064469,CHEMBL1914,CCN(CCCN1CCN(CCNc2c3c(nc4ccccc24)CCCC3)CC1)C1CCCCC1,93
c1ccc2c(NCCN3CCN(CCCN([*:1])[*:2])CC3)c3c(nc2c1)CCCC3,C1CCC([*:1])CC1.C[*:2],CHEMBL2064468,CHEMBL1914,CN(CCCN1CCN(CCNc2c3c(nc4ccccc24)CCCC3)CC1)C1CCCCC1,93
c1ccc2c(NCCN3CCN(CCCN([*:1])[*:2])CC3)c3c(nc2c1)CCCC3,c1ccc([*:1])cc1.C[*:2],CHEMBL2064470,CHEMBL1914,CN(CCCN1CCN(CCNc2c3c(nc4ccccc24)CCCC3)CC1)c1ccccc1,93
O=c1c2ccccc2oc2cc(OCCCCCCCN([*:1])[*:2])ccc12,COc1ccccc1C[*:1].CC[*:2],CHEMBL224553,CHEMBL1914,CCN(CCCCCCCOc1ccc2c(=O)c3ccccc3oc2c1)Cc1ccccc1OC,94
O=c1c2ccccc2oc2cc(OCCCCCCCN([*:1])[*:2])ccc12,C[*:1].c1ccc(C[*:2])cc1,CHEMBL224433,CHEMBL1914,CN(CCCCCCCOc1ccc2c(=O)c3ccccc3oc2c1)Cc1ccccc1,94
O=c1c2ccccc2oc2cc(OCCCCCCCN([*:1])[*:2])ccc12,C[*:1].COc1ccc(C[*:2])cc1,CHEMBL225396,CHEMBL1914,COc1ccc(CN(C)CCCCCCCOc2ccc3c(=O)c4ccccc4oc3c2)cc1,94
O=c1c2ccccc2oc2cc(OCCCCCCCN([*:1])[*:2])ccc12,C[*:1].COc1ccc(OC)c(C[*:2])c1,CHEMBL225615,CHEMBL1914,COc1ccc(OC)c(CN(C)CCCCCCCOc2ccc3c(=O)c4ccccc4oc3c2)c1,94
O=c1c2ccccc2oc2cc(OCCCCCCCN([*:1])[*:2])ccc12,C[*:1].COc1cccc(C[*:2])c1,CHEMBL225451,CHEMBL1914,COc1cccc(CN(C)CCCCCCCOc2ccc3c(=O)c4ccccc4oc3c2)c1,94
O=c1c2ccccc2oc2cc(OCCCCCCCN([*:1])[*:2])ccc12,C[*:1].COc1cccc(C[*:2])c1OC,CHEMBL389668,CHEMBL1914,COc1cccc(CN(C)CCCCCCCOc2ccc3c(=O)c4ccccc4oc3c2)c1OC,94
O=c1c2ccccc2oc2cc(OCCCCCCCN([*:1])[*:2])ccc12,C[*:1].COc1ccccc1C[*:2],CHEMBL376186,CHEMBL1914,COc1ccccc1CN(C)CCCCCCCOc1ccc2c(=O)c3ccccc3oc2c1,94
O=C(C[*:1])Nc1ccc(CN(Cc2ccccc2)[*:2])cc1,CC[*:2].Oc1ccc([*:1])cc1,CHEMBL4207876,CHEMBL1914,CCN(Cc1ccccc1)Cc1ccc(NC(=O)Cc2ccc(O)cc2)cc1,95
O=C(C[*:1])Nc1ccc(CN(Cc2ccccc2)[*:2])cc1,C[*:2].c1ccc([*:1])cc1,CHEMBL4218997,CHEMBL1914,CN(Cc1ccccc1)Cc1ccc(NC(=O)Cc2ccccc2)cc1,95
O=C(C[*:1])Nc1ccc(CN(Cc2ccccc2)[*:2])cc1,C[*:2].Oc1ccc([*:1])cc1,CHEMBL4208392,CHEMBL1914,CN(Cc1ccccc1)Cc1ccc(NC(=O)Cc2ccc(O)cc2)cc1,95
CN1CCC2CCc3c(OC(=O)[*:1])cccc3C21,CCN[*:1],CHEMBL363557,CHEMBL1914,CCNC(=O)Oc1cccc2c1CCC1CCN(C)C21,96
CN1CCC2CCc3c(OC(=O)[*:1])cccc3C21,CN[*:1],CHEMBL189907,CHEMBL1914,CNC(=O)Oc1cccc2c1CCC1CCN(C)C21,96
CCNCc1ccc2nc([*:1])c3c(c2c1)NCCC3,Clc1ccc([*:1])cc1,CHEMBL3122168,CHEMBL1914,CCNCc1ccc2nc(-c3ccc(Cl)cc3)c3c(c2c1)NCCC3,97
CCNCc1ccc2nc([*:1])c3c(c2c1)NCCC3,c1cncc([*:1])c1,CHEMBL3122169,CHEMBL1914,CCNCc1ccc2nc(-c3cccnc3)c3c(c2c1)NCCC3,97
COc1ccc(CC(=O)Nc2ccc(CN(Cc3ccccc3)[*:2])cc2)cc1O[*:1],CC[*:2].[*:1],CHEMBL4214755,CHEMBL1914,CCN(Cc1ccccc1)Cc1ccc(NC(=O)Cc2ccc(OC)c(O)c2)cc1,98
COc1ccc(CC(=O)Nc2ccc(CN(Cc3ccccc3)[*:2])cc2)cc1O[*:1],C[*:2].[*:1],CHEMBL4217212,CHEMBL1914,COc1ccc(CC(=O)Nc2ccc(CN(C)Cc3ccccc3)cc2)cc1O,98
COc1ccc(CC(=O)Nc2ccc(CN(Cc3ccccc3)[*:2])cc2)cc1O[*:1],CC[*:2].C[*:1],CHEMBL4203653,CHEMBL1914,CCN(Cc1ccccc1)Cc1ccc(NC(=O)Cc2ccc(OC)c(OC)c2)cc1,98
COc1ccc(CC(=O)Nc2ccc(CN(Cc3ccccc3)[*:2])cc2)cc1O[*:1],C[*:2].C[*:1],CHEMBL4203538,CHEMBL1914,COc1ccc(CC(=O)Nc2ccc(CN(C)Cc3ccccc3)cc2)cc1OC,98
CCOC(=O)C1=C(c2ccccc2)Oc2nc3c(c(N)c2C1[*:1])CCCC3,Fc1ccc([*:1])cc1,CHEMBL4080395,CHEMBL1914,CCOC(=O)C1=C(c2ccccc2)Oc2nc3c(c(N)c2C1c1ccc(F)cc1)CCCC3,99
CCOC(=O)C1=C(c2ccccc2)Oc2nc3c(c(N)c2C1[*:1])CCCC3,COc1ccc([*:1])cc1,CHEMBL4096891,CHEMBL1914,CCOC(=O)C1=C(c2ccccc2)Oc2nc3c(c(N)c2C1c1ccc(OC)cc1)CCCC3,99
CCOC(=O)C1=C(c2ccccc2)Oc2nc3c(c(N)c2C1[*:1])CCCC3,O=[N+]([O-])c1ccc([*:1])cc1,CHEMBL4066967,CHEMBL1914,CCOC(=O)C1=C(c2ccccc2)Oc2nc3c(c(N)c2C1c1ccc([N+](=O)[O-])cc1)CCCC3,99
CCOC(=O)C1=C(c2ccccc2)Oc2nc3c(c(N)c2C1[*:1])CCCC3,Brc1cccc([*:1])c1,CHEMBL4077932,CHEMBL1914,CCOC(=O)C1=C(c2ccccc2)Oc2nc3c(c(N)c2C1c1cccc(Br)c1)CCCC3,99
CCOC(=O)C1=C(c2ccccc2)Oc2nc3c(c(N)c2C1[*:1])CCCC3,c1ccc([*:1])cc1,CHEMBL4089184,CHEMBL1914,CCOC(=O)C1=C(c2ccccc2)Oc2nc3c(c(N)c2C1c1ccccc1)CCCC3,99
CCOC(=O)C1=C(c2ccccc2)Oc2nc3c(c(N)c2C1[*:1])CCCC3,COc1cccc([*:1])c1,CHEMBL4088245,CHEMBL1914,CCOC(=O)C1=C(c2ccccc2)Oc2nc3c(c(N)c2C1c1cccc(OC)c1)CCCC3,99
CCOC(=O)C1=C(c2ccccc2)Oc2nc3c(c(N)c2C1[*:1])CCCC3,Brc1ccccc1[*:1],CHEMBL4079694,CHEMBL1914,CCOC(=O)C1=C(c2ccccc2)Oc2nc3c(c(N)c2C1c1ccccc1Br)CCCC3,99
CCOC(=O)C1=C(c2ccccc2)Oc2nc3c(c(N)c2C1[*:1])CCCC3,Fc1ccccc1[*:1],CHEMBL4103021,CHEMBL1914,CCOC(=O)C1=C(c2ccccc2)Oc2nc3c(c(N)c2C1c1ccccc1F)CCCC3,99
CCOC(=O)C1=C(c2ccccc2)Oc2nc3c(c(N)c2C1[*:1])CCCC3,Clc1cccc([*:1])c1,CHEMBL4095975,CHEMBL1914,CCOC(=O)C1=C(c2ccccc2)Oc2nc3c(c(N)c2C1c1cccc(Cl)c1)CCCC3,99
CCOC(=O)C1=C(c2ccccc2)Oc2nc3c(c(N)c2C1[*:1])CCCC3,Clc1ccccc1[*:1],CHEMBL4103948,CHEMBL1914,CCOC(=O)C1=C(c2ccccc2)Oc2nc3c(c(N)c2C1c1ccccc1Cl)CCCC3,99
O=C(Nc1cc(-c2nc(OCCNc3c4c(nc5ccccc35)CCCC4)c(C(=O)[*:1])s2)ccn1)C1CC1,CCO[*:1],CHEMBL4285481,CHEMBL1914,CCOC(=O)c1sc(-c2ccnc(NC(=O)C3CC3)c2)nc1OCCNc1c2c(nc3ccccc13)CCCC2,100
O=C(Nc1cc(-c2nc(OCCNc3c4c(nc5ccccc35)CCCC4)c(C(=O)[*:1])s2)ccn1)C1CC1,CO[*:1],CHEMBL4278164,CHEMBL1914,COC(=O)c1sc(-c2ccnc(NC(=O)C3CC3)c2)nc1OCCNc1c2c(nc3ccccc13)CCCC2,100
O=C(Nc1cc(-c2nc(OCCNc3c4c(nc5ccccc35)CCCC4)c(C(=O)[*:1])s2)ccn1)C1CC1,N[*:1],CHEMBL4288850,CHEMBL1914,NC(=O)c1sc(-c2ccnc(NC(=O)C3CC3)c2)nc1OCCNc1c2c(nc3ccccc13)CCCC2,100
CN(CCCOc1ccc([N+](=O)[O-])cc1)C(=O)c1cnc(CC(=O)[*:1])nc1,CCOc1ccc([*:1])cc1,CHEMBL5171010,CHEMBL1914,CCOc1ccc(C(=O)Cc2ncc(C(=O)N(C)CCCOc3ccc([N+](=O)[O-])cc3)cn2)cc1,101
CN(CCCOc1ccc([N+](=O)[O-])cc1)C(=O)c1cnc(CC(=O)[*:1])nc1,c1csc([*:1])c1,CHEMBL5187324,CHEMBL1914,CN(CCCOc1ccc([N+](=O)[O-])cc1)C(=O)c1cnc(CC(=O)c2cccs2)nc1,101
CN(CCCOc1ccc([N+](=O)[O-])cc1)C(=O)c1cnc(CC(=O)[*:1])nc1,c1ccc([*:1])cc1,CHEMBL5204734,CHEMBL1914,CN(CCCOc1ccc([N+](=O)[O-])cc1)C(=O)c1cnc(CC(=O)c2ccccc2)nc1,101
CN(CCCOc1ccc([N+](=O)[O-])cc1)C(=O)c1cnc(CC(=O)[*:1])nc1,COc1ccc([*:1])cc1OC,CHEMBL5203792,CHEMBL1914,COc1ccc(C(=O)Cc2ncc(C(=O)N(C)CCCOc3ccc([N+](=O)[O-])cc3)cn2)cc1OC,101
CN(CCCOc1ccc([N+](=O)[O-])cc1)C(=O)c1cnc(CC(=O)[*:1])nc1,COc1cccc([*:1])c1,CHEMBL5185065,CHEMBL1914,COc1cccc(C(=O)Cc2ncc(C(=O)N(C)CCCOc3ccc([N+](=O)[O-])cc3)cn2)c1,101
CN(C)C(=O)Oc1cccc(C=CC(=O)[*:1])c1,Oc1cccc([*:1])c1,CHEMBL3895852,CHEMBL1914,CN(C)C(=O)Oc1cccc(C=CC(=O)c2cccc(O)c2)c1,102
CN(C)C(=O)Oc1cccc(C=CC(=O)[*:1])c1,Oc1ccc([*:1])cc1,CHEMBL3980820,CHEMBL1914,CN(C)C(=O)Oc1cccc(C=CC(=O)c2ccc(O)cc2)c1,102
CN(C)CCCC1(c2ccc(F)cc2)CCc2cc(-c3nnc([*:1])[nH]3)ccc21,Fc1ccc([*:1])cc1,CHEMBL4521999,CHEMBL1914,CN(C)CCCC1(c2ccc(F)cc2)CCc2cc(-c3nnc(-c4ccc(F)cc4)[nH]3)ccc21,103
CN(C)CCCC1(c2ccc(F)cc2)CCc2cc(-c3nnc([*:1])[nH]3)ccc21,Clc1cccc([*:1])c1,CHEMBL4532230,CHEMBL1914,CN(C)CCCC1(c2ccc(F)cc2)CCc2cc(-c3nnc(-c4cccc(Cl)c4)[nH]3)ccc21,103
CN(C)CCCC1(c2ccc(F)cc2)CCc2cc(-c3nnc([*:1])[nH]3)ccc21,Ic1ccccc1[*:1],CHEMBL4571452,CHEMBL1914,CN(C)CCCC1(c2ccc(F)cc2)CCc2cc(-c3nnc(-c4ccccc4I)[nH]3)ccc21,103
CN(C)CCCC1(c2ccc(F)cc2)CCc2cc(-c3nnc([*:1])[nH]3)ccc21,Fc1ccccc1[*:1],CHEMBL4452614,CHEMBL1914,CN(C)CCCC1(c2ccc(F)cc2)CCc2cc(-c3nnc(-c4ccccc4F)[nH]3)ccc21,103
CN(C)CCCC1(c2ccc(F)cc2)CCc2cc(-c3nnc([*:1])[nH]3)ccc21,Fc1cccc([*:1])c1,CHEMBL4527996,CHEMBL1914,CN(C)CCCC1(c2ccc(F)cc2)CCc2cc(-c3nnc(-c4cccc(F)c4)[nH]3)ccc21,103
CN(C)CCCC1(c2ccc(F)cc2)CCc2cc(-c3nnc([*:1])[nH]3)ccc21,COc1cc([*:1])ccc1O,CHEMBL4461294,CHEMBL1914,COc1cc(-c2nnc(-c3ccc4c(c3)CCC4(CCCN(C)C)c3ccc(F)cc3)[nH]2)ccc1O,103
CN(C)CCCC1(c2ccc(F)cc2)OCc2cc(-c3nnc([*:1])[nH]3)ccc21,Fc1ccc([*:1])cc1,CHEMBL3605426,CHEMBL1914,CN(C)CCCC1(c2ccc(F)cc2)OCc2cc(-c3nnc(-c4ccc(F)cc4)[nH]3)ccc21,104
CN(C)CCCC1(c2ccc(F)cc2)OCc2cc(-c3nnc([*:1])[nH]3)ccc21,Fc1ccccc1[*:1],CHEMBL3605424,CHEMBL1914,CN(C)CCCC1(c2ccc(F)cc2)OCc2cc(-c3nnc(-c4ccccc4F)[nH]3)ccc21,104
O=C(c1cc([N+](=O)[O-])c2cccnc2c1O)N(CC[*:1])CC1CCCN(C2Cc3ccccc3C2)C1,CN(C)[*:1],CHEMBL4288890,CHEMBL1914,CN(C)CCN(CC1CCCN(C2Cc3ccccc3C2)C1)C(=O)c1cc([N+](=O)[O-])c2cccnc2c1O,105
O=C(c1cc([N+](=O)[O-])c2cccnc2c1O)N(CC[*:1])CC1CCCN(C2Cc3ccccc3C2)C1,CO[*:1],CHEMBL3593658,CHEMBL1914,COCCN(CC1CCCN(C2Cc3ccccc3C2)C1)C(=O)c1cc([N+](=O)[O-])c2cccnc2c1O,105
CN(C)CCN(CC1CCCN(C2Cc3ccccc3C2)C1)[*:1],O=C(c1ccc(O)cc1O)[*:1],CHEMBL4287511,CHEMBL1914,CN(C)CCN(CC1CCCN(C2Cc3ccccc3C2)C1)C(=O)c1ccc(O)cc1O,106
CN(C)CCN(CC1CCCN(C2Cc3ccccc3C2)C1)[*:1],O=C(C=Cc1ccc(O)cc1)[*:1],CHEMBL4288849,CHEMBL1914,CN(C)CCN(CC1CCCN(C2Cc3ccccc3C2)C1)C(=O)C=Cc1ccc(O)cc1,106
CN(C)CCN(CC1CCCN(C2Cc3ccccc3C2)C1)[*:1],O=C(c1cccc(O)c1)[*:1],CHEMBL4284141,CHEMBL1914,CN(C)CCN(CC1CCCN(C2Cc3ccccc3C2)C1)C(=O)c1cccc(O)c1,106
CN(C)CCN(CC1CCCN(C2Cc3ccccc3C2)C1)[*:1],O=C(c1ccc(O)cc1)[*:1],CHEMBL4294752,CHEMBL1914,CN(C)CCN(CC1CCCN(C2Cc3ccccc3C2)C1)C(=O)c1ccc(O)cc1,106
CN(C)CCN(CC1CCCN(C2Cc3ccccc3C2)C1)[*:1],COc1ccc(C(=O)[*:1])cc1,CHEMBL4279606,CHEMBL1914,COc1ccc(C(=O)N(CCN(C)C)CC2CCCN(C3Cc4ccccc4C3)C2)cc1,106
O=C(c1ccc2cccnc2c1O)N(CC[*:1])CC1CCCN(C2Cc3ccccc3C2)C1,CN(C)[*:1],CHEMBL4283585,CHEMBL1914,CN(C)CCN(CC1CCCN(C2Cc3ccccc3C2)C1)C(=O)c1ccc2cccnc2c1O,107
O=C(c1ccc2cccnc2c1O)N(CC[*:1])CC1CCCN(C2Cc3ccccc3C2)C1,CO[*:1],CHEMBL4278201,CHEMBL1914,COCCN(CC1CCCN(C2Cc3ccccc3C2)C1)C(=O)c1ccc2cccnc2c1O,107
CN(C)CCN(CC1CCCN([*:1])C1)C(=O)c1ccc2ccccc2c1,c1ccc2c(c1)CC([*:1])C2,CHEMBL4080419_CHEMBL4089230,CHEMBL1914,CN(C)CCN(CC1CCCN(C2Cc3ccccc3C2)C1)C(=O)c1ccc2ccccc2c1,108
CN(C)CCN(CC1CCCN([*:1])C1)C(=O)c1ccc2ccccc2c1,Oc1cccc2ccc(C[*:1])nc12,CHEMBL4287944,CHEMBL1914,CN(C)CCN(CC1CCCN(Cc2ccc3cccc(O)c3n2)C1)C(=O)c1ccc2ccccc2c1,108
CN(C)CCOC(=O)C=Cc1ccc2occ(C(=O)[*:1])c(=O)c2c1,c1ccc(N[*:1])cc1,CHEMBL4286556,CHEMBL1914,CN(C)CCOC(=O)C=Cc1ccc2occ(C(=O)Nc3ccccc3)c(=O)c2c1,109
CN(C)CCOC(=O)C=Cc1ccc2occ(C(=O)[*:1])c(=O)c2c1,Cc1ccc(N[*:1])cc1,CHEMBL4284235,CHEMBL1914,Cc1ccc(NC(=O)c2coc3ccc(C=CC(=O)OCCN(C)C)cc3c2=O)cc1,109
O=C(NCCc1c[nH]c2ccccc12)c1ccc(OCCCC[*:1])cc1,CN(C)c1cc[n+]([*:1])cc1,CHEMBL2159656,CHEMBL1914,CN(C)c1cc[n+](CCCCOc2ccc(C(=O)NCCc3c[nH]c4ccccc34)cc2)cc1,110
O=C(NCCc1c[nH]c2ccccc12)c1ccc(OCCCC[*:1])cc1,c1ccc2c(c1)ccc[n+]2[*:1],CHEMBL2159657,CHEMBL1914,O=C(NCCc1c[nH]c2ccccc12)c1ccc(OCCCC[n+]2cccc3ccccc32)cc1,110
O=c1c2ccccc2oc2cc(OCCCCCCCC[*:1])ccc12,CN(CC[*:1])Cc1ccccc1,CHEMBL390598,CHEMBL1914,CN(CCCCCCCCCCOc1ccc2c(=O)c3ccccc3oc2c1)Cc1ccccc1,111
O=c1c2ccccc2oc2cc(OCCCCCCCC[*:1])ccc12,CN(Cc1ccccc1)[*:1],CHEMBL224469,CHEMBL1914,CN(CCCCCCCCOc1ccc2c(=O)c3ccccc3oc2c1)Cc1ccccc1,111
O=c1c2ccccc2oc2cc(OCCCCCCCCC[*:1])ccc12,CN(Cc1ccccc1)[*:1],CHEMBL427090,CHEMBL1914,CN(CCCCCCCCCOc1ccc2c(=O)c3ccccc3oc2c1)Cc1ccccc1,112
O=c1c2ccccc2oc2cc(OCCCCCCCCC[*:1])ccc12,CN(CCC[*:1])Cc1ccccc1,CHEMBL224555,CHEMBL1914,CN(CCCCCCCCCCCCOc1ccc2c(=O)c3ccccc3oc2c1)Cc1ccccc1,112
O=c1c2ccccc2oc2cc(OCCCCCCCCC[*:1])ccc12,CN(CC[*:1])Cc1ccccc1,CHEMBL224347,CHEMBL1914,CN(CCCCCCCCCCCOc1ccc2c(=O)c3ccccc3oc2c1)Cc1ccccc1,112
CN(CCCOc1ccc2c(=O)c3ccccc3oc2c1)[*:1],c1ccc(C[*:1])cc1,CHEMBL225610,CHEMBL1914,CN(CCCOc1ccc2c(=O)c3ccccc3oc2c1)Cc1ccccc1,113
CN(CCCOc1ccc2c(=O)c3ccccc3oc2c1)[*:1],COc1ccccc1C[*:1],CHEMBL390083,CHEMBL1914,COc1ccccc1CN(C)CCCOc1ccc2c(=O)c3ccccc3oc2c1,113
CN(CCCCCCCOc1cccc(-c2oc3ccccc3c2[*:1])c1)Cc1ccccc1,[*:1],CHEMBL2160216,CHEMBL1914,CN(CCCCCCCOc1cccc(-c2cc3ccccc3o2)c1)Cc1ccccc1,114
CN(CCCCCCCOc1cccc(-c2oc3ccccc3c2[*:1])c1)Cc1ccccc1,O=C(c1ccccc1)[*:1],CHEMBL2160227,CHEMBL1914,CN(CCCCCCCOc1cccc(-c2oc3ccccc3c2C(=O)c2ccccc2)c1)Cc1ccccc1,114
CNC(=O)Oc1cccc(CN(C)CCCCCCCOc2ccc([*:1])c([*:2])c2)c1,O=c1cc([*:1])oc2ccccc12.[*:2],CHEMBL5218632,CHEMBL1914,CNC(=O)Oc1cccc(CN(C)CCCCCCCOc2ccc(-c3cc(=O)c4ccccc4o3)cc2)c1,115
CNC(=O)Oc1cccc(CN(C)CCCCCCCOc2ccc([*:1])c([*:2])c2)c1,O=c1oc2ccccc2cc1[*:1].[*:2],CHEMBL2047525,CHEMBL1914,CNC(=O)Oc1cccc(CN(C)CCCCCCCOc2ccc(-c3cc4ccccc4oc3=O)cc2)c1,115
CNC(=O)Oc1cccc(CN(C)CCCCCCCOc2ccc([*:1])c([*:2])c2)c1,O=c1cc([*:2])oc2ccccc12.[*:1],CHEMBL5219771,CHEMBL1914,CNC(=O)Oc1cccc(CN(C)CCCCCCCOc2cccc(-c3cc(=O)c4ccccc4o3)c2)c1,115
O=C(CNC(=O)C(C[*:1])N[*:2])Nc1c2c(nc3ccccc13)CCCC2,c1ccc2c([*:1])c[nH]c2c1.[*:2],CHEMBL495712,CHEMBL1914,NC(Cc1c[nH]c2ccccc12)C(=O)NCC(=O)Nc1c2c(nc3ccccc13)CCCC2,116
O=C(CNC(=O)C(C[*:1])N[*:2])Nc1c2c(nc3ccccc13)CCCC2,c1ccc([*:1])cc1.[*:2],CHEMBL495711,CHEMBL1914,NC(Cc1ccccc1)C(=O)NCC(=O)Nc1c2c(nc3ccccc13)CCCC2,116
O=C(CNC(=O)C(C[*:1])N[*:2])Nc1c2c(nc3ccccc13)CCCC2,c1ccc2cc([*:1])ccc2c1.[*:2],CHEMBL496946,CHEMBL1914,NC(Cc1ccc2ccccc2c1)C(=O)NCC(=O)Nc1c2c(nc3ccccc13)CCCC2,116
O=C(CNC(=O)C(C[*:1])N[*:2])Nc1c2c(nc3ccccc13)CCCC2,C[*:2].c1ccc([*:1])cc1,CHEMBL522073,CHEMBL1914,CNC(Cc1ccccc1)C(=O)NCC(=O)Nc1c2c(nc3ccccc13)CCCC2,116
O=C(CNC(=O)C(C[*:1])N[*:2])Nc1c2c(nc3ccccc13)CCCC2,C[*:2].c1ccc2c([*:1])c[nH]c2c1,CHEMBL496126,CHEMBL1914,CNC(Cc1c[nH]c2ccccc12)C(=O)NCC(=O)Nc1c2c(nc3ccccc13)CCCC2,116
COC(=O)c1c(CCCCCCCCNc2c3c(nc4ccccc24)CCCC3)cccc1O[*:1],[*:1],CHEMBL5092094,CHEMBL1914,COC(=O)c1c(O)cccc1CCCCCCCCNc1c2c(nc3ccccc13)CCCC2,117
COC(=O)c1c(CCCCCCCCNc2c3c(nc4ccccc24)CCCC3)cccc1O[*:1],C[*:1],CHEMBL5080685,CHEMBL1914,COC(=O)c1c(CCCCCCCCNc2c3c(nc4ccccc24)CCCC3)cccc1OC,117
COc1ccc(CCNc2nc(N[*:1])nc3ccccc23)cc1OC,C[*:1],CHEMBL4094911,CHEMBL1914,CNc1nc(NCCc2ccc(OC)c(OC)c2)c2ccccc2n1,118
COc1ccc(CCNc2nc(N[*:1])nc3ccccc23)cc1OC,C1CC1[*:1],CHEMBL4086248,CHEMBL1914,COc1ccc(CCNc2nc(NC3CC3)nc3ccccc23)cc1OC,118
COc1ccc(CCNc2nc(N[*:1])nc3ccccc23)cc1OC,CC(C)[*:1],CHEMBL4095445,CHEMBL1914,COc1ccc(CCNc2nc(NC(C)C)nc3ccccc23)cc1OC,118
Clc1ccc2c(NCCCCCCCC[*:1])c3c(nc2c1)CCCC3,COC(=O)c1c(O)cccc1[*:1],CHEMBL5082773,CHEMBL1914,COC(=O)c1c(O)cccc1CCCCCCCCNc1c2c(nc3cc(Cl)ccc13)CCCC2,119
Clc1ccc2c(NCCCCCCCC[*:1])c3c(nc2c1)CCCC3,COC(=O)c1c(OC)cccc1[*:1],CHEMBL5078555,CHEMBL1914,COC(=O)c1c(CCCCCCCCNc2c3c(nc4cc(Cl)ccc24)CCCC3)cccc1OC,119
Clc1ccc2c(NCCCCCCCC[*:1])c3c(nc2c1)CCCC3,COc1cc(OC)cc([*:1])c1,CHEMBL5077234,CHEMBL1914,COc1cc(CCCCCCCCNc2c3c(nc4cc(Cl)ccc24)CCCC3)cc(OC)c1,119
Clc1ccc2c(NCCCCCCCC[*:1])c3c(nc2c1)CCCC3,COc1cccc([*:1])c1,CHEMBL5088557,CHEMBL1914,COc1cccc(CCCCCCCCNc2c3c(nc4cc(Cl)ccc24)CCCC3)c1,119
Clc1ccc2c(NCCCCCCCC[*:1])c3c(nc2c1)CCCC3,O=C(O)c1c(O)cccc1[*:1],CHEMBL5078914,CHEMBL1914,O=C(O)c1c(O)cccc1CCCCCCCCNc1c2c(nc3cc(Cl)ccc13)CCCC2,119
Clc1ccc2c(NCCCCCCCC[*:1])c3c(nc2c1)CCCC3,Oc1cccc([*:1])c1,CHEMBL5072428,CHEMBL1914,Oc1cccc(CCCCCCCCNc2c3c(nc4cc(Cl)ccc24)CCCC3)c1,119
C1=C2C3CN(Cc4cc5c(cc43)OCO5)C2CC(O[*:2])C1O[*:1],C[*:1].O=C(N1CCCCC1)[*:2],CHEMBL5070022,CHEMBL1914,COC1C=C2C3CN(Cc4cc5c(cc43)OCO5)C2CC1OC(=O)N1CCCCC1,120
C1=C2C3CN(Cc4cc5c(cc43)OCO5)C2CC(O[*:2])C1O[*:1],C[*:2].O=C(N1CCCCC1)[*:1],CHEMBL5079347,CHEMBL1914,COC1CC2C(=CC1OC(=O)N1CCCCC1)C1CN2Cc2cc3c(cc21)OCO3,120
COc1c2c(cc3c1OCO3)C13C=CC(OC)CC1N(C2)CC3O[*:1],Cc1cccc(C(=O)[*:1])c1,CHEMBL4640168,CHEMBL1914,COc1c2c(cc3c1OCO3)C13C=CC(OC)CC1N(C2)CC3OC(=O)c1cccc(C)c1,121
COc1c2c(cc3c1OCO3)C13C=CC(OC)CC1N(C2)CC3O[*:1],O=C(c1ccccc1[N+](=O)[O-])[*:1],CHEMBL4634465,CHEMBL1914,COc1c2c(cc3c1OCO3)C13C=CC(OC)CC1N(C2)CC3OC(=O)c1ccccc1[N+](=O)[O-],121
COc1c2c(cc3c1OCO3)C13C=CC(OC)CC1N(C2)CC3O[*:1],O=C(c1ccccc1)[*:1],CHEMBL4633343,CHEMBL1914,COc1c2c(cc3c1OCO3)C13C=CC(OC)CC1N(C2)CC3OC(=O)c1ccccc1,121
COc1c2c(cc3c1OCO3)C13C=CC(OC)CC1N(C2)CC3O[*:1],Cc1ccccc1C(=O)[*:1],CHEMBL4640945,CHEMBL1914,COc1c2c(cc3c1OCO3)C13C=CC(OC)CC1N(C2)CC3OC(=O)c1ccccc1C,121
COc1c2c(cc3c1OCO3)C13C=CC(OC)CC1N(C2)CC3O[*:1],O=C(c1cccc2ccccc12)[*:1],CHEMBL4648132_CHEMBL5088077,CHEMBL1914,COc1c2c(cc3c1OCO3)C13C=CC(OC)CC1N(C2)CC3OC(=O)c1cccc2ccccc12,121
COc1c2c(cc3c1OCO3)C13C=CC(OC)CC1N(C2)CC3O[*:1],COc1cccc(C(=O)[*:1])c1,CHEMBL4635404,CHEMBL1914,COc1cccc(C(=O)OC2CN3Cc4c(cc5c(c4OC)OCO5)C24C=CC(OC)CC34)c1,121
COc1c2c(cc3c1OCO3)C13C=CC(OC)CC1N(C2)CC3O[*:1],COc1ccccc1C(=O)[*:1],CHEMBL4644410,CHEMBL1914,COc1ccccc1C(=O)OC1CN2Cc3c(cc4c(c3OC)OCO4)C13C=CC(OC)CC23,121
O=C(C=C[*:1])NCCCCCCNc1c2c(nc3ccccc13)CCCC2,COc1cc([*:1])cc(OC)c1O,CHEMBL4216066,CHEMBL1914,COc1cc(C=CC(=O)NCCCCCCNc2c3c(nc4ccccc24)CCCC3)cc(OC)c1O,122
O=C(C=C[*:1])NCCCCCCNc1c2c(nc3ccccc13)CCCC2,O=[N+]([O-])c1ccc([*:1])cc1,CHEMBL4533477,CHEMBL1914,O=C(C=Cc1ccc([N+](=O)[O-])cc1)NCCCCCCNc1c2c(nc3ccccc13)CCCC2,122
COc1cc(C=CC(=O)NCCC2CCN(Cc3ccccc3)CC2)cc(OC)c1O[*:1],[*:1],CHEMBL3819231,CHEMBL1914,COc1cc(C=CC(=O)NCCC2CCN(Cc3ccccc3)CC2)cc(OC)c1O,123
COc1cc(C=CC(=O)NCCC2CCN(Cc3ccccc3)CC2)cc(OC)c1O[*:1],C[*:1],CHEMBL3819083,CHEMBL1914,COc1cc(C=CC(=O)NCCC2CCN(Cc3ccccc3)CC2)cc(OC)c1OC,123
CN(Cc1ccccc1)Cc1ccc(NC(=O)C=C[*:1])cc1,COc1cc([*:1])ccc1O,CHEMBL3891025,CHEMBL1914,COc1cc(C=CC(=O)Nc2ccc(CN(C)Cc3ccccc3)cc2)ccc1O,124
CN(Cc1ccccc1)Cc1ccc(NC(=O)C=C[*:1])cc1,COc1ccc([*:1])cc1,CHEMBL3978533,CHEMBL1914,COc1ccc(C=CC(=O)Nc2ccc(CN(C)Cc3ccccc3)cc2)cc1,124
CN(Cc1ccccc1)Cc1ccc(NC(=O)C=C[*:1])cc1,COc1ccc([*:1])cc1OC,CHEMBL3917990,CHEMBL1914,COc1ccc(C=CC(=O)Nc2ccc(CN(C)Cc3ccccc3)cc2)cc1OC,124
COc1cc(C=Cc2cc(=O)oc3c2ccc2oc([*:1])cc23)cc(OC)c1,Clc1cccc([*:1])c1,CHEMBL5197349,CHEMBL1914,COc1cc(C=Cc2cc(=O)oc3c2ccc2oc(-c4cccc(Cl)c4)cc23)cc(OC)c1,125
COc1cc(C=Cc2cc(=O)oc3c2ccc2oc([*:1])cc23)cc(OC)c1,Fc1ccc([*:1])cc1,CHEMBL5196941,CHEMBL1914,COc1cc(C=Cc2cc(=O)oc3c2ccc2oc(-c4ccc(F)cc4)cc23)cc(OC)c1,125
COc1cc(C=Cc2cc(=O)oc3c2ccc2oc([*:1])cc23)cc(OC)c1,c1ccc([*:1])cc1,CHEMBL5176910,CHEMBL1914,COc1cc(C=Cc2cc(=O)oc3c2ccc2oc(-c4ccccc4)cc23)cc(OC)c1,125
COc1cc(C=Cc2cc(=O)oc3c2ccc2oc([*:1])cc23)cc(OC)c1,Fc1cccc([*:1])c1,CHEMBL5202541,CHEMBL1914,COc1cc(C=Cc2cc(=O)oc3c2ccc2oc(-c4cccc(F)c4)cc23)cc(OC)c1,125
COc1cc(C=Cc2cc(=O)oc3c2ccc2oc([*:1])cc23)cc(OC)c1,Cc1ccc([*:1])cc1,CHEMBL5169638,CHEMBL1914,COc1cc(C=Cc2cc(=O)oc3c2ccc2oc(-c4ccc(C)cc4)cc23)cc(OC)c1,125
COc1cc(C=Cc2cc(=O)oc3c2ccc2oc([*:1])cc23)cc(OC)c1,Clc1ccc([*:1])cc1,CHEMBL5185240,CHEMBL1914,COc1cc(C=Cc2cc(=O)oc3c2ccc2oc(-c4ccc(Cl)cc4)cc23)cc(OC)c1,125
COc1cc(C=Cc2cc(=O)oc3c2ccc2oc([*:1])cc23)cc(OC)c1,COc1cc(OC)cc([*:1])c1,CHEMBL5182136,CHEMBL1914,COc1cc(C=Cc2cc(=O)oc3c2ccc2oc(-c4cc(OC)cc(OC)c4)cc23)cc(OC)c1,125
COc1cc(C=Cc2cc(=O)oc3c2ccc2oc([*:1])cc23)cc(OC)c1,COc1ccc([*:1])cc1,CHEMBL5200035,CHEMBL1914,COc1ccc(-c2cc3c(ccc4c(C=Cc5cc(OC)cc(OC)c5)cc(=O)oc43)o2)cc1,125
O=C(CC[*:1])NCCC1CCN(Cc2ccccc2)CC1,COc1cc([*:1])ccc1O,CHEMBL3818250,CHEMBL1914,COc1cc(CCC(=O)NCCC2CCN(Cc3ccccc3)CC2)ccc1O,126
O=C(CC[*:1])NCCC1CCN(Cc2ccccc2)CC1,c1ccc2c(C[*:1])c[nH]c2c1,CHEMBL4294109,CHEMBL1914,O=C(CCCc1c[nH]c2ccccc12)NCCC1CCN(Cc2ccccc2)CC1,126
c1ccc2c(NCCCCCCC[*:1])c3c(nc2c1)CCCC3,COc1cc(C[*:1])cc(OC)c1,CHEMBL5088541,CHEMBL1914,COc1cc(CCCCCCCCNc2c3c(nc4ccccc24)CCCC3)cc(OC)c1,127
c1ccc2c(NCCCCCCC[*:1])c3c(nc2c1)CCCC3,COc1cccc(C[*:1])c1,CHEMBL5091660,CHEMBL1914,COc1cccc(CCCCCCCCNc2c3c(nc4ccccc24)CCCC3)c1,127
c1ccc2c(NCCCCCCC[*:1])c3c(nc2c1)CCCC3,O=C(O)c1c(O)cccc1C[*:1],CHEMBL5087646,CHEMBL1914,O=C(O)c1c(O)cccc1CCCCCCCCNc1c2c(nc3ccccc13)CCCC2,127
c1ccc2c(NCCCCCCC[*:1])c3c(nc2c1)CCCC3,Oc1cccc(C[*:1])c1,CHEMBL5073819,CHEMBL1914,Oc1cccc(CCCCCCCCNc2c3c(nc4ccccc24)CCCC3)c1,127
c1ccc2c(NCCCCCCC[*:1])c3c(nc2c1)CCCC3,C(CN1CCOCC1)C[*:1],CHEMBL1819173,CHEMBL1914,c1ccc2c(NCCCCCCCCCCN3CCOCC3)c3c(nc2c1)CCCC3,127
c1ccc2c(NCCCCCCC[*:1])c3c(nc2c1)CCCC3,C1CN([*:1])CCO1,CHEMBL1819170,CHEMBL1914,c1ccc2c(NCCCCCCCN3CCOCC3)c3c(nc2c1)CCCC3,127
c1ccc2c(NCCCCCCC[*:1])c3c(nc2c1)CCCC3,C1CN(CC[*:1])CCO1,CHEMBL1819172,CHEMBL1914,c1ccc2c(NCCCCCCCCCN3CCOCC3)c3c(nc2c1)CCCC3,127
c1ccc2c(NCCCCCCC[*:1])c3c(nc2c1)CCCC3,c1ccc2oc(CN[*:1])cc2c1,CHEMBL3752467,CHEMBL1914,c1ccc2oc(CNCCCCCCCNc3c4c(nc5ccccc35)CCCC4)cc2c1,127
COc1cc(NC(=O)C=Cc2cccc(O[*:1])c2)cc(OC)c1OC,c1ccc(C[*:1])cc1,CHEMBL1094079,CHEMBL1914,COc1cc(NC(=O)C=Cc2cccc(OCc3ccccc3)c2)cc(OC)c1OC,128
COc1cc(NC(=O)C=Cc2cccc(O[*:1])c2)cc(OC)c1OC,CC(=O)[*:1],CHEMBL3236082,CHEMBL1914,COc1cc(NC(=O)C=Cc2cccc(OC(C)=O)c2)cc(OC)c1OC,128
CC(C)=CCCC(C)=CCc1cc(C2CC(=O)c3c(O)cc(O)cc3O2)c(O)cc1O[*:1],[*:1],CHEMBL1096939_CHEMBL4173326,CHEMBL1914,CC(C)=CCCC(C)=CCc1cc(C2CC(=O)c3c(O)cc(O)cc3O2)c(O)cc1O,129
CC(C)=CCCC(C)=CCc1cc(C2CC(=O)c3c(O)cc(O)cc3O2)c(O)cc1O[*:1],C[*:1],CHEMBL1096940_CHEMBL2297276,CHEMBL1914,COc1cc(O)c(C2CC(=O)c3c(O)cc(O)cc3O2)cc1CC=C(C)CCC=C(C)C,129
CC(C)=CCCC(C)=CCc1c(O[*:3])cc(O[*:2])c(CC=C(C)C)c1-c1cc2ccc(O[*:1])cc2o1,[*:1].[*:2].[*:3],CHEMBL465156,CHEMBL1914,CC(C)=CCCC(C)=CCc1c(O)cc(O)c(CC=C(C)C)c1-c1cc2ccc(O)cc2o1,130
CC(C)=CCCC(C)=CCc1c(O[*:3])cc(O[*:2])c(CC=C(C)C)c1-c1cc2ccc(O[*:1])cc2o1,C[*:2].[*:1].[*:3],CHEMBL4167602,CHEMBL1914,COc1cc(O)c(CC=C(C)CCC=C(C)C)c(-c2cc3ccc(O)cc3o2)c1CC=C(C)C,130
CC(C)=CCCC(C)=CCc1c(O[*:3])cc(O[*:2])c(CC=C(C)C)c1-c1cc2ccc(O[*:1])cc2o1,C[*:3].[*:1].[*:2],CHEMBL4175479,CHEMBL1914,COc1cc(O)c(CC=C(C)C)c(-c2cc3ccc(O)cc3o2)c1CC=C(C)CCC=C(C)C,130
CC(C)=CCCC(C)=CCc1c(O[*:3])cc(O[*:2])c(CC=C(C)C)c1-c1cc2ccc(O[*:1])cc2o1,C[*:1].[*:2].[*:3],CHEMBL4160372,CHEMBL1914,COc1ccc2cc(-c3c(CC=C(C)C)c(O)cc(O)c3CC=C(C)CCC=C(C)C)oc2c1,130
COc1cc2c(cc1OC)C(=O)C(CC1CCN([*:1])CC1)C2,Fc1ccc(C[*:1])cc1,CHEMBL3985059,CHEMBL1914,COc1cc2c(cc1OC)C(=O)C(CC1CCN(Cc3ccc(F)cc3)CC1)C2,131
COc1cc2c(cc1OC)C(=O)C(CC1CCN([*:1])CC1)C2,Cc1cnc(C[*:1])c(C)c1,CHEMBL3900401,CHEMBL1914,COc1cc2c(cc1OC)C(=O)C(CC1CCN(Cc3ncc(C)cc3C)CC1)C2,131
COc1ccc(C(=O)Cc2ncc(C(=O)N(C)CCC[*:1])cn2)cc1,FC(F)(F)c1ccc(O[*:1])cc1,CHEMBL5171192,CHEMBL1914,COc1ccc(C(=O)Cc2ncc(C(=O)N(C)CCCOc3ccc(C(F)(F)F)cc3)cn2)cc1,132
COc1ccc(C(=O)Cc2ncc(C(=O)N(C)CCC[*:1])cn2)cc1,COc1cccc(O[*:1])c1,CHEMBL5186051,CHEMBL1914,COc1ccc(C(=O)Cc2ncc(C(=O)N(C)CCCOc3cccc(OC)c3)cn2)cc1,132
COc1ccc(C(=O)Cc2ncc(C(=O)N(C)CCC[*:1])cn2)cc1,COc1ccc(O[*:1])cc1OC,CHEMBL5193255,CHEMBL1914,COc1ccc(C(=O)Cc2ncc(C(=O)N(C)CCCOc3ccc(OC)c(OC)c3)cn2)cc1,132
COc1ccc(C(=O)Cc2ncc(C(=O)N(C)CCC[*:1])cn2)cc1,COc1ccc(O[*:1])cc1,CHEMBL5196988,CHEMBL1914,COc1ccc(OCCCN(C)C(=O)c2cnc(CC(=O)c3ccc(OC)cc3)nc2)cc1,132
Nc1c2c(cc3c1C([*:1])c1c(-c4ccccc4)n[nH]c1O3)CCCC2,COc1ccc([*:1])cc1,CHEMBL3947445,CHEMBL1914,COc1ccc(C2c3c(-c4ccccc4)n[nH]c3Oc3cc4c(c(N)c32)CCCC4)cc1,133
Nc1c2c(cc3c1C([*:1])c1c(-c4ccccc4)n[nH]c1O3)CCCC2,Cc1ccc([*:1])cc1,CHEMBL3984536,CHEMBL1914,Cc1ccc(C2c3c(-c4ccccc4)n[nH]c3Oc3cc4c(c(N)c32)CCCC4)cc1,133
Nc1c2c(cc3c1C([*:1])c1c(-c4ccccc4)n[nH]c1O3)CCCC2,Fc1ccc([*:1])cc1,CHEMBL3939483,CHEMBL1914,Nc1c2c(cc3c1C(c1ccc(F)cc1)c1c(-c4ccccc4)n[nH]c1O3)CCCC2,133
Nc1c2c(cc3c1C([*:1])c1c(-c4ccccc4)n[nH]c1O3)CCCC2,c1ccc([*:1])cc1,CHEMBL3911514,CHEMBL1914,Nc1c2c(cc3c1C(c1ccccc1)c1c(-c4ccccc4)n[nH]c1O3)CCCC2,133
Nc1c2c(cc3c1C([*:1])c1c(-c4ccccc4)n[nH]c1O3)CCCC2,Clc1ccc([*:1])cc1,CHEMBL3955914,CHEMBL1914,Nc1c2c(cc3c1C(c1ccc(Cl)cc1)c1c(-c4ccccc4)n[nH]c1O3)CCCC2,133
O=C(C=C[*:1])NCCC1CCN(Cc2ccccc2)CC1,COc1ccc([*:1])cc1,CHEMBL3905695,CHEMBL1914,COc1ccc(C=CC(=O)NCCC2CCN(Cc3ccccc3)CC2)cc1,134
O=C(C=C[*:1])NCCC1CCN(Cc2ccccc2)CC1,COc1ccc([*:1])c(OC)c1,CHEMBL3916769,CHEMBL1914,COc1ccc(C=CC(=O)NCCC2CCN(Cc3ccccc3)CC2)c(OC)c1,134
O=C(C=C[*:1])NCCC1CCN(Cc2ccccc2)CC1,COc1ccc([*:1])cc1O,CHEMBL3818086,CHEMBL1914,COc1ccc(C=CC(=O)NCCC2CCN(Cc3ccccc3)CC2)cc1O,134
O=C(C=C[*:1])NCCC1CCN(Cc2ccccc2)CC1,COc1ccc([*:1])cc1OC,CHEMBL3818689,CHEMBL1914,COc1ccc(C=CC(=O)NCCC2CCN(Cc3ccccc3)CC2)cc1OC,134
O=C(C=C[*:1])NCCC1CCN(Cc2ccccc2)CC1,COc1cccc([*:1])c1,CHEMBL3818512,CHEMBL1914,COc1cccc(C=CC(=O)NCCC2CCN(Cc3ccccc3)CC2)c1,134
O=C(C=C[*:1])NCCC1CCN(Cc2ccccc2)CC1,Oc1ccc([*:1])c(O)c1,CHEMBL3965783,CHEMBL1914,O=C(C=Cc1ccc(O)cc1O)NCCC1CCN(Cc2ccccc2)CC1,134
O=C(C=C[*:1])NCCC1CCN(Cc2ccccc2)CC1,Fc1ccc([*:1])cc1,CHEMBL3818332,CHEMBL1914,O=C(C=Cc1ccc(F)cc1)NCCC1CCN(Cc2ccccc2)CC1,134
O=C(C=C[*:1])NCCC1CCN(Cc2ccccc2)CC1,Oc1ccc([*:1])cc1,CHEMBL3819320,CHEMBL1914,O=C(C=Cc1ccc(O)cc1)NCCC1CCN(Cc2ccccc2)CC1,134
O=C(C=C[*:1])NCCC1CCN(Cc2ccccc2)CC1,Oc1cccc([*:1])c1,CHEMBL3892044,CHEMBL1914,O=C(C=Cc1cccc(O)c1)NCCC1CCN(Cc2ccccc2)CC1,134
O=C(C=C[*:1])NCCC1CCN(Cc2ccccc2)CC1,Clc1ccc([*:1])cc1,CHEMBL3818990,CHEMBL1914,O=C(C=Cc1ccc(Cl)cc1)NCCC1CCN(Cc2ccccc2)CC1,134
O=C(C=C[*:1])NCCC1CCN(Cc2ccccc2)CC1,Oc1ccccc1[*:1],CHEMBL3817981,CHEMBL1914,O=C(C=Cc1ccccc1O)NCCC1CCN(Cc2ccccc2)CC1,134
O=C(C=C[*:1])NCCC1CCN(Cc2ccccc2)CC1,O=[N+]([O-])c1ccc([*:1])cc1,CHEMBL3818782,CHEMBL1914,O=C(C=Cc1ccc([N+](=O)[O-])cc1)NCCC1CCN(Cc2ccccc2)CC1,134
O=C(C=C[*:1])NCCC1CCN(Cc2ccccc2)CC1,c1ccc([*:1])cc1,CHEMBL3819548,CHEMBL1914,O=C(C=Cc1ccccc1)NCCC1CCN(Cc2ccccc2)CC1,134
COc1ccc(C=CC(=O)Nc2cc[n+]([*:1])cc2)cc1OC,Fc1ccc(C[*:1])cc1,CHEMBL5206601,CHEMBL1914,COc1ccc(C=CC(=O)Nc2cc[n+](Cc3ccc(F)cc3)cc2)cc1OC,135
COc1ccc(C=CC(=O)Nc2cc[n+]([*:1])cc2)cc1OC,Fc1cccc(C[*:1])c1,CHEMBL5171929,CHEMBL1914,COc1ccc(C=CC(=O)Nc2cc[n+](Cc3cccc(F)c3)cc2)cc1OC,135
c1ccc2c(NCCCCCOCCc3ccc(O[*:1])cc3)c3c(nc2c1)CCCC3,[*:1],CHEMBL4531167,CHEMBL1914,Oc1ccc(CCOCCCCCNc2c3c(nc4ccccc24)CCCC3)cc1,136
c1ccc2c(NCCCCCOCCc3ccc(O[*:1])cc3)c3c(nc2c1)CCCC3,C[*:1],CHEMBL4475228,CHEMBL1914,COc1ccc(CCOCCCCCNc2c3c(nc4ccccc24)CCCC3)cc1,136
c1ccc2c(NCCCCCOCCc3ccc(O[*:1])cc3)c3c(nc2c1)CCCC3,c1ccc(C[*:1])cc1,CHEMBL4588525,CHEMBL1914,c1ccc(COc2ccc(CCOCCCCCNc3c4c(nc5ccccc35)CCCC4)cc2)cc1,136
c1cc2[nH]c3c([*:2])[n+]([*:3])ccc3c2cc1O[*:1],C[*:3].[*:1].[*:2],CHEMBL220905,CHEMBL1914,C[n+]1ccc2c(c1)[nH]c1ccc(O)cc12,137
c1cc2[nH]c3c([*:2])[n+]([*:3])ccc3c2cc1O[*:1],C[*:1].c1ccc([*:2])cc1.[*:3],CHEMBL3910719,CHEMBL1914,COc1ccc2[nH]c3c(-c4ccccc4)nccc3c2c1,137
Cc1c2c(cc[n+]1C)c1cc(O[*:1])ccc1n2[*:2],[*:1].[*:2],CHEMBL375862,CHEMBL1914,Cc1c2[nH]c3ccc(O)cc3c2cc[n+]1C,138
Cc1c2c(cc[n+]1C)c1cc(O[*:1])ccc1n2[*:2],C[*:1].[*:2],CHEMBL374729,CHEMBL1914,COc1ccc2[nH]c3c(C)[n+](C)ccc3c2c1,138
Cc1c2c(cc[n+]1C)c1cc(O[*:1])ccc1n2[*:2],C[*:2].[*:1],CHEMBL441868,CHEMBL1914,Cc1c2c(cc[n+]1C)c1cc(O)ccc1n2C,138
COc1ccc2[nH]cc(CCNC(=O)C3CCN([*:1])CC3)c2c1,c1ccc(C[*:1])cc1,CHEMBL3824362,CHEMBL1914,COc1ccc2[nH]cc(CCNC(=O)C3CCN(Cc4ccccc4)CC3)c2c1,139
COc1ccc2[nH]cc(CCNC(=O)C3CCN([*:1])CC3)c2c1,Cc1ccccc1C[*:1],CHEMBL3823578,CHEMBL1914,COc1ccc2[nH]cc(CCNC(=O)C3CCN(Cc4ccccc4C)CC3)c2c1,139
COc1ccc2[nH]cc(CCNC(=O)CC3CCN([*:1])CC3)c2c1,Cc1ccc(C[*:1])cc1,CHEMBL3822790,CHEMBL1914,COc1ccc2[nH]cc(CCNC(=O)CC3CCN(Cc4ccc(C)cc4)CC3)c2c1,140
COc1ccc2[nH]cc(CCNC(=O)CC3CCN([*:1])CC3)c2c1,Cc1cccc(C[*:1])c1,CHEMBL3823538,CHEMBL1914,COc1ccc2[nH]cc(CCNC(=O)CC3CCN(Cc4cccc(C)c4)CC3)c2c1,140
COc1ccc2[nH]cc(CCNC(=O)CC3CCN([*:1])CC3)c2c1,Cc1ccccc1C[*:1],CHEMBL3823317,CHEMBL1914,COc1ccc2[nH]cc(CCNC(=O)CC3CCN(Cc4ccccc4C)CC3)c2c1,140
COc1ccc2[nH]cc(CCNC(=O)C=Cc3cc[n+]([*:1])cc3)c2c1,Fc1cccc(C[*:1])c1,CHEMBL3628067,CHEMBL1914,COc1ccc2[nH]cc(CCNC(=O)C=Cc3cc[n+](Cc4cccc(F)c4)cc3)c2c1,141
COc1ccc2[nH]cc(CCNC(=O)C=Cc3cc[n+]([*:1])cc3)c2c1,Fc1ccccc1C[*:1],CHEMBL3628066,CHEMBL1914,COc1ccc2[nH]cc(CCNC(=O)C=Cc3cc[n+](Cc4ccccc4F)cc3)c2c1,141
COc1ccc2[nH]cc(CCNC(=O)C=Cc3cc[n+]([*:1])cc3)c2c1,Fc1ccc(C[*:1])cc1,CHEMBL3628183,CHEMBL1914,COc1ccc2[nH]cc(CCNC(=O)C=Cc3cc[n+](Cc4ccc(F)cc4)cc3)c2c1,141
COc1ccc2[nH]cc(CCNC(=O)CCc3cc[n+]([*:1])cc3)c2c1,Fc1ccc(C[*:1])cc1,CHEMBL3628186,CHEMBL1914,COc1ccc2[nH]cc(CCNC(=O)CCc3cc[n+](Cc4ccc(F)cc4)cc3)c2c1,142
COc1ccc2[nH]cc(CCNC(=O)CCc3cc[n+]([*:1])cc3)c2c1,Fc1ccccc1C[*:1],CHEMBL3628184,CHEMBL1914,COc1ccc2[nH]cc(CCNC(=O)CCc3cc[n+](Cc4ccccc4F)cc3)c2c1,142
COc1ccc2[nH]cc(CCNC(=O)CCc3cc[n+]([*:1])cc3)c2c1,Fc1cccc(C[*:1])c1,CHEMBL3628185,CHEMBL1914,COc1ccc2[nH]cc(CCNC(=O)CCc3cc[n+](Cc4cccc(F)c4)cc3)c2c1,142
COc1ccc2[nH]cc(CCNC(=O)c3cc[n+]([*:1])cc3)c2c1,Fc1ccc(C[*:1])cc1,CHEMBL3628064,CHEMBL1914,COc1ccc2[nH]cc(CCNC(=O)c3cc[n+](Cc4ccc(F)cc4)cc3)c2c1,143
COc1ccc2[nH]cc(CCNC(=O)c3cc[n+]([*:1])cc3)c2c1,Fc1ccccc1C[*:1],CHEMBL3628062,CHEMBL1914,COc1ccc2[nH]cc(CCNC(=O)c3cc[n+](Cc4ccccc4F)cc3)c2c1,143
COc1ccc2[nH]cc(CCNC(=O)c3cc[n+]([*:1])cc3)c2c1,Fc1cccc(C[*:1])c1,CHEMBL3628063,CHEMBL1914,COc1ccc2[nH]cc(CCNC(=O)c3cc[n+](Cc4cccc(F)c4)cc3)c2c1,143
O=C(CCCCCCNc1c2c(nc3cc(Cl)cc(Cl)c13)CCCC2)NCC[*:1],COc1ccc2[nH]cc([*:1])c2c1,CHEMBL372202,CHEMBL1914,COc1ccc2[nH]cc(CCNC(=O)CCCCCCNc3c4c(nc5cc(Cl)cc(Cl)c35)CCCC4)c2c1,144
O=C(CCCCCCNc1c2c(nc3cc(Cl)cc(Cl)c13)CCCC2)NCC[*:1],c1ccc2c([*:1])c[nH]c2c1,CHEMBL199585,CHEMBL1914,O=C(CCCCCCNc1c2c(nc3cc(Cl)cc(Cl)c13)CCCC2)NCCc1c[nH]c2ccccc12,144
O=C(CCCCCCNc1c2c(nc3ccccc13)CCCC2)NCC[*:1],COc1ccc2[nH]cc([*:1])c2c1,CHEMBL382260,CHEMBL1914,COc1ccc2[nH]cc(CCNC(=O)CCCCCCNc3c4c(nc5ccccc35)CCCC4)c2c1,145
O=C(CCCCCCNc1c2c(nc3ccccc13)CCCC2)NCC[*:1],c1ccc2c([*:1])c[nH]c2c1,CHEMBL199670,CHEMBL1914,O=C(CCCCCCNc1c2c(nc3ccccc13)CCCC2)NCCc1c[nH]c2ccccc12,145
O=C(NCCCCCNc1c2c(nc3ccccc13)CCCC2)c1cc2cc(O[*:1])ccc2oc1=O,C[*:1],CHEMBL3326700,CHEMBL1914,COc1ccc2oc(=O)c(C(=O)NCCCCCNc3c4c(nc5ccccc35)CCCC4)cc2c1,146
O=C(NCCCCCNc1c2c(nc3ccccc13)CCCC2)c1cc2cc(O[*:1])ccc2oc1=O,FC(F)(F)[*:1],CHEMBL3326703,CHEMBL1914,O=C(NCCCCCNc1c2c(nc3ccccc13)CCCC2)c1cc2cc(OC(F)(F)F)ccc2oc1=O,146
O=C(NCCCCCCNc1c2c(nc3ccccc13)CCCC2)c1cc2cc(O[*:1])ccc2oc1=O,C[*:1],CHEMBL3326706,CHEMBL1914,COc1ccc2oc(=O)c(C(=O)NCCCCCCNc3c4c(nc5ccccc35)CCCC4)cc2c1,147
O=C(NCCCCCCNc1c2c(nc3ccccc13)CCCC2)c1cc2cc(O[*:1])ccc2oc1=O,FC(F)(F)[*:1],CHEMBL3326709,CHEMBL1914,O=C(NCCCCCCNc1c2c(nc3ccccc13)CCCC2)c1cc2cc(OC(F)(F)F)ccc2oc1=O,147
c1ccc2c(NCCCCCC[*:1])c3c(nc2c1)CCCC3,C1CN(CC[*:1])CCO1,CHEMBL1819171,CHEMBL1914,c1ccc2c(NCCCCCCCCN3CCOCC3)c3c(nc2c1)CCCC3,148
c1ccc2c(NCCCCCC[*:1])c3c(nc2c1)CCCC3,C1CN([*:1])CCO1,CHEMBL1819169,CHEMBL1914,c1ccc2c(NCCCCCCN3CCOCC3)c3c(nc2c1)CCCC3,148
Nc1cccc(Cl)c1Oc1ccc(CNc2cccc(O[*:1])c2)cc1,[*:1],CHEMBL4556097,CHEMBL1914,Nc1cccc(Cl)c1Oc1ccc(CNc2cccc(O)c2)cc1,149
Nc1cccc(Cl)c1Oc1ccc(CNc2cccc(O[*:1])c2)cc1,C[*:1],CHEMBL4568241,CHEMBL1914,COc1cccc(NCc2ccc(Oc3c(N)cccc3Cl)cc2)c1,149
OC1C=CC23c4cc5c(cc4CN(CC2O[*:1])C3C1)OCO5,COc1ccccc1C(=O)[*:1],CHEMBL5090336,CHEMBL1914,COc1ccccc1C(=O)OC1CN2Cc3cc4c(cc3C13C=CC(O)CC23)OCO4,150
OC1C=CC23c4cc5c(cc4CN(CC2O[*:1])C3C1)OCO5,O=C(c1ccccc1Cl)[*:1],CHEMBL5089535,CHEMBL1914,O=C(OC1CN2Cc3cc4c(cc3C13C=CC(O)CC23)OCO4)c1ccccc1Cl,150
c1ccc2c(NCCCCCCCN[*:1])c3c(nc2c1)CCCCC3,COc1cccc2cc(C[*:1])oc12,CHEMBL3753405,CHEMBL1914,COc1cccc2cc(CNCCCCCCCNc3c4c(nc5ccccc35)CCCCC4)oc12,151
c1ccc2c(NCCCCCCCN[*:1])c3c(nc2c1)CCCCC3,O=C(c1cc2ccccc2o1)[*:1],CHEMBL3754480,CHEMBL1914,O=C(NCCCCCCCNc1c2c(nc3ccccc13)CCCCC2)c1cc2ccccc2o1,151
O=C(Nc1cc(Cl)nc(Cl)c1)OCCCCCN[*:1],COc1ccccc1C[*:1],CHEMBL4168710,CHEMBL1914,COc1ccccc1CNCCCCCOC(=O)Nc1cc(Cl)nc(Cl)c1,152
O=C(Nc1cc(Cl)nc(Cl)c1)OCCCCCN[*:1],c1ccc(C[*:1])cc1,CHEMBL4164524,CHEMBL1914,O=C(Nc1cc(Cl)nc(Cl)c1)OCCCCCNCc1ccccc1,152
OC(CN[*:1])C(Cc1ccccc1)NCCC(c1ccccc1)c1ccccc1,COc1ccccc1C[*:1],CHEMBL4878052,CHEMBL1914,COc1ccccc1CNCC(O)C(Cc1ccccc1)NCCC(c1ccccc1)c1ccccc1,153
OC(CN[*:1])C(Cc1ccccc1)NCCC(c1ccccc1)c1ccccc1,c1ccc(C[*:1])cc1,CHEMBL4850659_CHEMBL4866859,CHEMBL1914,OC(CNCc1ccccc1)C(Cc1ccccc1)NCCC(c1ccccc1)c1ccccc1,153
c1ccc2c(NCCCCCCCCCC[N+]([*:1])([*:2])[*:3])c3c(nc2c1)CCCC3,[*:1].[*:2].O=C(CCc1c[nH]c2ccccc12)[*:3],CHEMBL224051,CHEMBL1914,O=C(CCc1c[nH]c2ccccc12)NCCCCCCCCCCNc1c2c(nc3ccccc13)CCCC2,154
c1ccc2c(NCCCCCCCCCC[N+]([*:1])([*:2])[*:3])c3c(nc2c1)CCCC3,[*:1].[*:2].O=C(c1cc(=O)c2ccccc2o1)[*:3],CHEMBL2019030,CHEMBL1914,O=C(NCCCCCCCCCCNc1c2c(nc3ccccc13)CCCC2)c1cc(=O)c2ccccc2o1,154
c1ccc2c(NCCCCCCCCCC[N+]([*:1])([*:2])[*:3])c3c(nc2c1)CCCC3,C(#CC[*:1])COC1=NOCC1.C[*:2].C[*:3],CHEMBL4287748,CHEMBL1914,C[N+](C)(CC#CCOC1=NOCC1)CCCCCCCCCCNc1c2c(nc3ccccc13)CCCC2,154
Cc1c(C)c2ccc(OCC3CCN(Cc4cccc(O[*:1])c4)CC3)cc2oc1=O,OCCC[*:1],CHEMBL4470448,CHEMBL1914,Cc1c(C)c2ccc(OCC3CCN(Cc4cccc(OCCCO)c4)CC3)cc2oc1=O,155
Cc1c(C)c2ccc(OCC3CCN(Cc4cccc(O[*:1])c4)CC3)cc2oc1=O,O=[N+]([O-])OCCC[*:1],CHEMBL4578377,CHEMBL1914,Cc1c(C)c2ccc(OCC3CCN(Cc4cccc(OCCCO[N+](=O)[O-])c4)CC3)cc2oc1=O,155
O=C(CC1CCN([*:1])CC1)NCCc1c[nH]c2ccccc12,Cc1ccc(C[*:1])cc1,CHEMBL3822670,CHEMBL1914,Cc1ccc(CN2CCC(CC(=O)NCCc3c[nH]c4ccccc34)CC2)cc1,156
O=C(CC1CCN([*:1])CC1)NCCc1c[nH]c2ccccc12,Cc1cccc(C[*:1])c1,CHEMBL3823464,CHEMBL1914,Cc1cccc(CN2CCC(CC(=O)NCCc3c[nH]c4ccccc34)CC2)c1,156
O=C(CC1CCN([*:1])CC1)NCCc1c[nH]c2ccccc12,Cc1ccccc1C[*:1],CHEMBL3824239,CHEMBL1914,Cc1ccccc1CN1CCC(CC(=O)NCCc2c[nH]c3ccccc23)CC1,156
O=C(CC1CCN([*:1])CC1)NCCc1c[nH]c2ccccc12,c1ccc(C[*:1])cc1,CHEMBL3822559,CHEMBL1914,O=C(CC1CCN(Cc2ccccc2)CC1)NCCc1c[nH]c2ccccc12,156
O=C(NCCc1c[nH]c2ccccc12)c1cc[n+]([*:1])cc1,Cc1ccc(C[*:1])cc1,CHEMBL3628060,CHEMBL1914,Cc1ccc(C[n+]2ccc(C(=O)NCCc3c[nH]c4ccccc34)cc2)cc1,157
O=C(NCCc1c[nH]c2ccccc12)c1cc[n+]([*:1])cc1,Cc1cccc(C[*:1])c1,CHEMBL3628059,CHEMBL1914,Cc1cccc(C[n+]2ccc(C(=O)NCCc3c[nH]c4ccccc34)cc2)c1,157
O=C(NCCc1c[nH]c2ccccc12)c1cc[n+]([*:1])cc1,c1ccc(C[*:1])cc1,CHEMBL3628055,CHEMBL1914,O=C(NCCc1c[nH]c2ccccc12)c1cc[n+](Cc2ccccc2)cc1,157
O=C(NCCc1c[nH]c2ccccc12)c1cc[n+]([*:1])cc1,Fc1ccc(C[*:1])cc1,CHEMBL3628058,CHEMBL1914,O=C(NCCc1c[nH]c2ccccc12)c1cc[n+](Cc2ccc(F)cc2)cc1,157
O=C(NCCc1c[nH]c2ccccc12)c1cc[n+]([*:1])cc1,Fc1cccc(C[*:1])c1,CHEMBL3628057,CHEMBL1914,O=C(NCCc1c[nH]c2ccccc12)c1cc[n+](Cc2cccc(F)c2)cc1,157
O=C(NCCc1c[nH]c2ccccc12)c1cc[n+]([*:1])cc1,Fc1ccccc1C[*:1],CHEMBL3628056,CHEMBL1914,O=C(NCCc1c[nH]c2ccccc12)c1cc[n+](Cc2ccccc2F)cc1,157
Cc1ccc2nc3c(c(N[*:1])c2c1)CCCC3,C1CN(CC[*:1])CCO1,CHEMBL5199187,CHEMBL1914,Cc1ccc2nc3c(c(NCCN4CCOCC4)c2c1)CCCC3,158
Cc1ccc2nc3c(c(N[*:1])c2c1)CCCC3,OCC[*:1],CHEMBL5190530,CHEMBL1914,Cc1ccc2nc3c(c(NCCO)c2c1)CCCC3,158
O=C(NCCc1c[nH]c2ccccc12)C1CCN([*:1])CC1,Cc1ccccc1C[*:1],CHEMBL3822890,CHEMBL1914,Cc1ccccc1CN1CCC(C(=O)NCCc2c[nH]c3ccccc23)CC1,159
O=C(NCCc1c[nH]c2ccccc12)C1CCN([*:1])CC1,c1ccc(C[*:1])cc1,CHEMBL3824057,CHEMBL1914,O=C(NCCc1c[nH]c2ccccc12)C1CCN(Cc2ccccc2)CC1,159
Cc1cn(C2C=CC(COP3(=O)OCc4cccc([*:1])c4O3)O2)c(=O)[nH]c1=O,[*:1],CHEMBL375767,CHEMBL1914,Cc1cn(C2C=CC(COP3(=O)OCc4ccccc4O3)O2)c(=O)[nH]c1=O,160
Cc1cn(C2C=CC(COP3(=O)OCc4cccc([*:1])c4O3)O2)c(=O)[nH]c1=O,OCc1cccc([*:1])c1O,CHEMBL373537,CHEMBL1914,Cc1cn(C2C=CC(COP3(=O)OCc4cccc(-c5cccc(CO)c5O)c4O3)O2)c(=O)[nH]c1=O,160
Cc1cn(C2C=CC(COP3(=O)OCc4cccc([*:1])c4O3)O2)c(=O)[nH]c1=O,c1ccc([*:1])cc1,CHEMBL221156_CHEMBL319367,CHEMBL1914,Cc1cn(C2C=CC(COP3(=O)OCc4cccc(-c5ccccc5)c4O3)O2)c(=O)[nH]c1=O,160
Cc1cn(C2C=CC(COP3(=O)OCc4cccc([*:1])c4O3)O2)c(=O)[nH]c1=O,CC1(C)OCc2cccc([*:1])c2O1,CHEMBL375636,CHEMBL1914,Cc1cn(C2C=CC(COP3(=O)OCc4cccc(-c5cccc6c5OC(C)(C)OC6)c4O3)O2)c(=O)[nH]c1=O,160
Clc1ccc2c(N[*:1])c3c(nc2c1)CCCC3,c1ccc(C[*:1])nc1,CHEMBL4075061,CHEMBL1914,Clc1ccc2c(NCc3ccccn3)c3c(nc2c1)CCCC3,161
Clc1ccc2c(N[*:1])c3c(nc2c1)CCCC3,NCCC[*:1],CHEMBL191758,CHEMBL1914,NCCCNc1c2c(nc3cc(Cl)ccc13)CCCC2,161
Clc1ccc2c(NCCCCCCCOc3ccc([*:1])c([*:2])c3)c3c(nc2c1)CCCC3,c1ccc2oc([*:2])cc2c1.[*:1],CHEMBL1819179,CHEMBL1914,Clc1ccc2c(NCCCCCCCOc3cccc(-c4cc5ccccc5o4)c3)c3c(nc2c1)CCCC3,162
Clc1ccc2c(NCCCCCCCOc3ccc([*:1])c([*:2])c3)c3c(nc2c1)CCCC3,c1ccc2oc([*:1])cc2c1.[*:2],CHEMBL1819178,CHEMBL1914,Clc1ccc2c(NCCCCCCCOc3ccc(-c4cc5ccccc5o4)cc3)c3c(nc2c1)CCCC3,162
C(=NC1CCN(Cc2ccccc2)C1)c1ccc(O[*:1])cc1,[*:1],CHEMBL4755117,CHEMBL1914,Oc1ccc(C=NC2CCN(Cc3ccccc3)C2)cc1,163
C(=NC1CCN(Cc2ccccc2)C1)c1ccc(O[*:1])cc1,FC(F)(F)[*:1],CHEMBL4755226,CHEMBL1914,FC(F)(F)Oc1ccc(C=NC2CCN(Cc3ccccc3)C2)cc1,163
c1ccc(CN2CCC(NCc3ccc(O[*:1])cc3)C2)cc1,[*:1],CHEMBL4764465,CHEMBL1914,Oc1ccc(CNC2CCN(Cc3ccccc3)C2)cc1,164
c1ccc(CN2CCC(NCc3ccc(O[*:1])cc3)C2)cc1,FC(F)(F)[*:1],CHEMBL4793341,CHEMBL1914,FC(F)(F)Oc1ccc(CNC2CCN(Cc3ccccc3)C2)cc1,164
O=C(Cc1cn([*:1])c2ccccc12)NCCC1CCN(Cc2ccccc2)CC1,[*:1],CHEMBL4283651,CHEMBL1914,O=C(Cc1c[nH]c2ccccc12)NCCC1CCN(Cc2ccccc2)CC1,165
O=C(Cc1cn([*:1])c2ccccc12)NCCC1CCN(Cc2ccccc2)CC1,C[*:1],CHEMBL4293015,CHEMBL1914,Cn1cc(CC(=O)NCCC2CCN(Cc3ccccc3)CC2)c2ccccc21,165
Clc1ccc2c(NCCCCCCCN[*:1])c3c(nc2c1)CCCC3,Cn1cc(C(=O)[*:1])c2ccccc21,CHEMBL426015,CHEMBL1914,Cn1cc(C(=O)NCCCCCCCNc2c3c(nc4cc(Cl)ccc24)CCCC3)c2ccccc21,166
Clc1ccc2c(NCCCCCCCN[*:1])c3c(nc2c1)CCCC3,O=C(Cc1c[nH]c2ccccc12)[*:1],CHEMBL223443,CHEMBL1914,O=C(Cc1c[nH]c2ccccc12)NCCCCCCCNc1c2c(nc3cc(Cl)ccc13)CCCC2,166
Clc1ccc2c(NCCCCCCCN[*:1])c3c(nc2c1)CCCC3,O=C(c1n[nH]c2ccccc12)[*:1],CHEMBL388615,CHEMBL1914,O=C(NCCCCCCCNc1c2c(nc3cc(Cl)ccc13)CCCC2)c1n[nH]c2ccccc12,166
Clc1ccc2c(NCCCCCCCN[*:1])c3c(nc2c1)CCCC3,O=C(c1c[nH]c2ccccc12)[*:1],CHEMBL388627,CHEMBL1914,O=C(NCCCCCCCNc1c2c(nc3cc(Cl)ccc13)CCCC2)c1c[nH]c2ccccc12,166
N#Cc1c(N)nc(NCCC2CCN(Cc3ccccc3)CC2)c(C#N)c1[*:1],[*:1],CHEMBL2088784,CHEMBL1914,N#Cc1cc(C#N)c(NCCC2CCN(Cc3ccccc3)CC2)nc1N,167
N#Cc1c(N)nc(NCCC2CCN(Cc3ccccc3)CC2)c(C#N)c1[*:1],c1ccc([*:1])cc1,CHEMBL2088780,CHEMBL1914,N#Cc1c(N)nc(NCCC2CCN(Cc3ccccc3)CC2)c(C#N)c1-c1ccccc1,167
N#Cc1c(Cl)nc(NCCCCC2CCN(Cc3ccccc3)CC2)c(C#N)c1[*:1],[*:1],CHEMBL2419688,CHEMBL1914,N#Cc1cc(C#N)c(NCCCCC2CCN(Cc3ccccc3)CC2)nc1Cl,168
N#Cc1c(Cl)nc(NCCCCC2CCN(Cc3ccccc3)CC2)c(C#N)c1[*:1],c1ccc([*:1])cc1,CHEMBL2419684,CHEMBL1914,N#Cc1c(Cl)nc(NCCCCC2CCN(Cc3ccccc3)CC2)c(C#N)c1-c1ccccc1,168
N#Cc1c(N)nc(NCCCCC2CCN(Cc3ccccc3)CC2)c(C#N)c1[*:1],[*:1],CHEMBL2088786,CHEMBL1914,N#Cc1cc(C#N)c(NCCCCC2CCN(Cc3ccccc3)CC2)nc1N,169
N#Cc1c(N)nc(NCCCCC2CCN(Cc3ccccc3)CC2)c(C#N)c1[*:1],c1ccc([*:1])cc1,CHEMBL2088782,CHEMBL1914,N#Cc1c(N)nc(NCCCCC2CCN(Cc3ccccc3)CC2)c(C#N)c1-c1ccccc1,169
N#Cc1c(Cl)nc(NCCCC2CCN(Cc3ccccc3)CC2)c(C#N)c1[*:1],[*:1],CHEMBL2419687,CHEMBL1914,N#Cc1cc(C#N)c(NCCCC2CCN(Cc3ccccc3)CC2)nc1Cl,170
N#Cc1c(Cl)nc(NCCCC2CCN(Cc3ccccc3)CC2)c(C#N)c1[*:1],c1ccc([*:1])cc1,CHEMBL2419683,CHEMBL1914,N#Cc1c(Cl)nc(NCCCC2CCN(Cc3ccccc3)CC2)c(C#N)c1-c1ccccc1,170
O=C(CC[*:1])NCCCCCCNc1c2c(nc3cc(Cl)ccc13)CCCC2,N#Cc1ccc2[nH]cc([*:1])c2c1,CHEMBL223170,CHEMBL1914,N#Cc1ccc2[nH]cc(CCC(=O)NCCCCCCNc3c4c(nc5cc(Cl)ccc35)CCCC4)c2c1,171
O=C(CC[*:1])NCCCCCCNc1c2c(nc3cc(Cl)ccc13)CCCC2,c1ccc2c(C[*:1])c[nH]c2c1,CHEMBL427082,CHEMBL1914,O=C(CCCc1c[nH]c2ccccc12)NCCCCCCNc1c2c(nc3cc(Cl)ccc13)CCCC2,171
O=C(CC[*:1])NCCCCCCNc1c2c(nc3cc(Cl)ccc13)CCCC2,c1ccc2c(O[*:1])c[nH]c2c1,CHEMBL225327,CHEMBL1914,O=C(CCOc1c[nH]c2ccccc12)NCCCCCCNc1c2c(nc3cc(Cl)ccc13)CCCC2,171
O=C(CC[*:1])NCCCCCCNc1c2c(nc3cc(Cl)ccc13)CCCC2,c1ccc2c([*:1])c[nH]c2c1,CHEMBL225567,CHEMBL1914,O=C(CCc1c[nH]c2ccccc12)NCCCCCCNc1c2c(nc3cc(Cl)ccc13)CCCC2,171
N#Cc1c(N)nc(NCCCC2CCN(Cc3ccccc3)CC2)c(C#N)c1[*:1],[*:1],CHEMBL2088785,CHEMBL1914,N#Cc1cc(C#N)c(NCCCC2CCN(Cc3ccccc3)CC2)nc1N,172
N#Cc1c(N)nc(NCCCC2CCN(Cc3ccccc3)CC2)c(C#N)c1[*:1],c1ccc([*:1])cc1,CHEMBL2088781,CHEMBL1914,N#Cc1c(N)nc(NCCCC2CCN(Cc3ccccc3)CC2)c(C#N)c1-c1ccccc1,172
Nc1nonc1-c1nc2ccccc2n1CC(=O)[*:1],N#Cc1cccc(N[*:1])c1,CHEMBL5077099,CHEMBL1914,N#Cc1cccc(NC(=O)Cn2c(-c3nonc3N)nc3ccccc32)c1,173
Nc1nonc1-c1nc2ccccc2n1CC(=O)[*:1],Brc1cccc(N[*:1])c1,CHEMBL5086764,CHEMBL1914,Nc1nonc1-c1nc2ccccc2n1CC(=O)Nc1cccc(Br)c1,173
Nc1nonc1-c1nc2ccccc2n1CC(=O)[*:1],Clc1cccc(N[*:1])c1,CHEMBL5091918,CHEMBL1914,Nc1nonc1-c1nc2ccccc2n1CC(=O)Nc1cccc(Cl)c1,173
NC(=O)c1sc(-c2ccnc(NC(=O)C3CC3)c2)nc1OCCC1CCN([*:1])CC1,Fc1ccc(C[*:1])cc1F,CHEMBL4756451,CHEMBL1914,NC(=O)c1sc(-c2ccnc(NC(=O)C3CC3)c2)nc1OCCC1CCN(Cc2ccc(F)c(F)c2)CC1,174
NC(=O)c1sc(-c2ccnc(NC(=O)C3CC3)c2)nc1OCCC1CCN([*:1])CC1,Fc1cccc(F)c1C[*:1],CHEMBL4755445,CHEMBL1914,NC(=O)c1sc(-c2ccnc(NC(=O)C3CC3)c2)nc1OCCC1CCN(Cc2c(F)cccc2F)CC1,174
NC(=O)c1sc(-c2ccnc(NC(=O)C3CC3)c2)nc1OCCCC1CCN([*:1])CC1,Fc1ccc(C[*:1])cc1,CHEMBL4747992,CHEMBL1914,NC(=O)c1sc(-c2ccnc(NC(=O)C3CC3)c2)nc1OCCCC1CCN(Cc2ccc(F)cc2)CC1,175
NC(=O)c1sc(-c2ccnc(NC(=O)C3CC3)c2)nc1OCCCC1CCN([*:1])CC1,Fc1cccc(C[*:1])c1,CHEMBL4776811,CHEMBL1914,NC(=O)c1sc(-c2ccnc(NC(=O)C3CC3)c2)nc1OCCCC1CCN(Cc2cccc(F)c2)CC1,175
NC(=O)c1sc(-c2ccnc(NC(=O)C3CC3)c2)nc1OCCCC1CCN([*:1])CC1,Fc1ccccc1C[*:1],CHEMBL4748993,CHEMBL1914,NC(=O)c1sc(-c2ccnc(NC(=O)C3CC3)c2)nc1OCCCC1CCN(Cc2ccccc2F)CC1,175
Nc1c2c(nc3c1C([*:1])c1c(-c4ccccc4)n[nH]c1O3)CCCCC2,Clc1ccc([*:1])cc1,CHEMBL3985053,CHEMBL1914,Nc1c2c(nc3c1C(c1ccc(Cl)cc1)c1c(-c4ccccc4)n[nH]c1O3)CCCCC2,176
Nc1c2c(nc3c1C([*:1])c1c(-c4ccccc4)n[nH]c1O3)CCCCC2,c1ccc([*:1])cc1,CHEMBL3957246,CHEMBL1914,Nc1c2c(nc3c1C(c1ccccc1)c1c(-c4ccccc4)n[nH]c1O3)CCCCC2,176
Nc1c2c(nc3c1C(c1ccccc1)c1c(-c4ccco4)nn([*:1])c1O3)CCCC2,[*:1],CHEMBL3912680,CHEMBL1914,Nc1c2c(nc3c1C(c1ccccc1)c1c(-c4ccco4)n[nH]c1O3)CCCC2,177
Nc1c2c(nc3c1C(c1ccccc1)c1c(-c4ccco4)nn([*:1])c1O3)CCCC2,c1ccc([*:1])cc1,CHEMBL3895802,CHEMBL1914,Nc1c2c(nc3c1C(c1ccccc1)c1c(-c4ccco4)nn(-c4ccccc4)c1O3)CCCC2,177
O=C(CCC[*:1])NCCCNc1c2c(nc3cc(Cl)ccc13)CCCC2,C1CC(C[*:1])SS1,CHEMBL1912058_CHEMBL1912059_CHEMBL194823,CHEMBL1914,O=C(CCCCC1CCSS1)NCCCNc1c2c(nc3cc(Cl)ccc13)CCCC2,178
O=C(CCC[*:1])NCCCNc1c2c(nc3cc(Cl)ccc13)CCCC2,c1csc(C[*:1])c1,CHEMBL1912060,CHEMBL1914,O=C(CCCCc1cccs1)NCCCNc1c2c(nc3cc(Cl)ccc13)CCCC2,178
O=C(CC[*:1])NCCCCCNc1c2c(nc3ccccc13)CCCC2,C1CC(CC[*:1])SS1,CHEMBL425739,CHEMBL1914,O=C(CCCCC1CCSS1)NCCCCCNc1c2c(nc3ccccc13)CCCC2,179
O=C(CC[*:1])NCCCCCNc1c2c(nc3ccccc13)CCCC2,c1ccc2c([*:1])c[nH]c2c1,CHEMBL224158,CHEMBL1914,O=C(CCc1c[nH]c2ccccc12)NCCCCCNc1c2c(nc3ccccc13)CCCC2,179
O=C(C[*:1])NCCCCCCCNc1c2c(nc3ccccc13)CCCC2,C(CC1CCSS1)C[*:1],CHEMBL195067,CHEMBL1914,O=C(CCCCC1CCSS1)NCCCCCCCNc1c2c(nc3ccccc13)CCCC2,180
O=C(C[*:1])NCCCCCCCNc1c2c(nc3ccccc13)CCCC2,O=c1cc([*:1])c2ccc(O)cc2o1,CHEMBL4476026,CHEMBL1914,O=C(Cc1cc(=O)oc2cc(O)ccc12)NCCCCCCCNc1c2c(nc3ccccc13)CCCC2,180
c1ccc2c(NCCCCCCN[*:1])c3c(nc2c1)CCCC3,O=C(CCCCC1CCSS1)[*:1],CHEMBL278963,CHEMBL1914,O=C(CCCCC1CCSS1)NCCCCCCNc1c2c(nc3ccccc13)CCCC2,181
c1ccc2c(NCCCCCCN[*:1])c3c(nc2c1)CCCC3,O=C(c1cc2ccccc2o1)[*:1],CHEMBL3752451,CHEMBL1914,O=C(NCCCCCCNc1c2c(nc3ccccc13)CCCC2)c1cc2ccccc2o1,181
O=C(CC[*:1])NCCCCCNc1c2c(nc3cc(Cl)ccc13)CCCC2,c1ccc2c(C[*:1])c[nH]c2c1,CHEMBL225021,CHEMBL1914,O=C(CCCc1c[nH]c2ccccc12)NCCCCCNc1c2c(nc3cc(Cl)ccc13)CCCC2,182
O=C(CC[*:1])NCCCCCNc1c2c(nc3cc(Cl)ccc13)CCCC2,c1ccc2c(O[*:1])c[nH]c2c1,CHEMBL223277,CHEMBL1914,O=C(CCOc1c[nH]c2ccccc12)NCCCCCNc1c2c(nc3cc(Cl)ccc13)CCCC2,182
O=C(CC[*:1])NCCCCCNc1c2c(nc3cc(Cl)ccc13)CCCC2,c1ccc2c([*:1])c[nH]c2c1,CHEMBL224335,CHEMBL1914,O=C(CCc1c[nH]c2ccccc12)NCCCCCNc1c2c(nc3cc(Cl)ccc13)CCCC2,182
O=C(CCN1CCN([*:1])CC1)Nc1n[nH]c2ncccc12,c1ccc(C[*:1])cc1,CHEMBL5199487,CHEMBL1914,O=C(CCN1CCN(Cc2ccccc2)CC1)Nc1n[nH]c2ncccc12,183
O=C(CCN1CCN([*:1])CC1)Nc1n[nH]c2ncccc12,c1ccc([*:1])cc1,CHEMBL5183077,CHEMBL1914,O=C(CCN1CCN(c2ccccc2)CC1)Nc1n[nH]c2ncccc12,183
O=C(CC[*:1])NCCCCCCCNc1c2c(nc3cc(Cl)ccc13)CCCC2,c1ccc2c(O[*:1])c[nH]c2c1,CHEMBL225077,CHEMBL1914,O=C(CCOc1c[nH]c2ccccc12)NCCCCCCCNc1c2c(nc3cc(Cl)ccc13)CCCC2,184
O=C(CC[*:1])NCCCCCCCNc1c2c(nc3cc(Cl)ccc13)CCCC2,c1ccc2c([*:1])c[nH]c2c1,CHEMBL225198,CHEMBL1914,O=C(CCc1c[nH]c2ccccc12)NCCCCCCCNc1c2c(nc3cc(Cl)ccc13)CCCC2,184
O=C(C[*:1])N1c2ccccc2Sc2ccc(Cl)cc21,c1ccc(C[*:1])cc1,CHEMBL3770866,CHEMBL1914,O=C(CCc1ccccc1)N1c2ccccc2Sc2ccc(Cl)cc21,185
O=C(C[*:1])N1c2ccccc2Sc2ccc(Cl)cc21,c1ccc([*:1])cc1,CHEMBL3770516,CHEMBL1914,O=C(Cc1ccccc1)N1c2ccccc2Sc2ccc(Cl)cc21,185
O=C(COc1ccc([*:1])cc1)NCC1CCN(Cc2ccccc2)CC1,c1ccc(CC[*:1])cc1,CHEMBL5182803,CHEMBL1914,O=C(COc1ccc(CCc2ccccc2)cc1)NCC1CCN(Cc2ccccc2)CC1,186
O=C(COc1ccc([*:1])cc1)NCC1CCN(Cc2ccccc2)CC1,c1ccc([*:1])cc1,CHEMBL5170984,CHEMBL1914,O=C(COc1ccc(-c2ccccc2)cc1)NCC1CCN(Cc2ccccc2)CC1,186
O=C(NCC1CCCN([*:1])C1)c1ccc2ccccc2c1,c1ccc(C[*:1])cc1,CHEMBL4075840,CHEMBL1914,O=C(NCC1CCCN(Cc2ccccc2)C1)c1ccc2ccccc2c1,187
O=C(NCC1CCCN([*:1])C1)c1ccc2ccccc2c1,c1ccc2sc(C[*:1])nc2c1,CHEMBL4078849,CHEMBL1914,O=C(NCC1CCCN(Cc2nc3ccccc3s2)C1)c1ccc2ccccc2c1,187
c1ccc2c(NCCCCCCCN[*:1])c3c(nc2c1)CCC3,O=C(c1cc2ccccc2o1)[*:1],CHEMBL3754291,CHEMBL1914,O=C(NCCCCCCCNc1c2c(nc3ccccc13)CCC2)c1cc2ccccc2o1,188
c1ccc2c(NCCCCCCCN[*:1])c3c(nc2c1)CCC3,c1ccc2oc(C[*:1])cc2c1,CHEMBL3752543,CHEMBL1914,c1ccc2oc(CNCCCCCCCNc3c4c(nc5ccccc35)CCC4)cc2c1,188
O=C(NCCc1c[nH]c2ccccc12)c1ccc[n+]([*:1])c1,c1ccc(C[*:1])cc1,CHEMBL3628053,CHEMBL1914,O=C(NCCc1c[nH]c2ccccc12)c1ccc[n+](Cc2ccccc2)c1,189
O=C(NCCc1c[nH]c2ccccc12)c1ccc[n+]([*:1])c1,Fc1ccccc1C[*:1],CHEMBL3628054,CHEMBL1914,O=C(NCCc1c[nH]c2ccccc12)c1ccc[n+](Cc2ccccc2F)c1,189
O=C(NCc1ccccc1)OC1COC2C(O[*:1])COC12,O=C(NCc1ccccc1)[*:1],CHEMBL600013,CHEMBL1914,O=C(NCc1ccccc1)OC1COC2C(OC(=O)NCc3ccccc3)COC12,190
O=C(NCc1ccccc1)OC1COC2C(O[*:1])COC12,c1ccc(C[*:1])cc1,CHEMBL601889,CHEMBL1914,O=C(NCc1ccccc1)OC1COC2C(OCc3ccccc3)COC12,190
O=C(OCCCCN1CCC(OCc2ccccc2)CC1)[*:1],Fc1ccc(N[*:1])cc1,CHEMBL228361,CHEMBL1914,O=C(Nc1ccc(F)cc1)OCCCCN1CCC(OCc2ccccc2)CC1,191
O=C(OCCCCN1CCC(OCc2ccccc2)CC1)[*:1],Clc1ccc(N[*:1])cc1,CHEMBL228360,CHEMBL1914,O=C(Nc1ccc(Cl)cc1)OCCCCN1CCC(OCc2ccccc2)CC1,191
c1ccc(COC2CCN(CCCCO[*:1])CC2)cc1,O=C(c1ccc(F)cc1)[*:1],CHEMBL229105,CHEMBL1914,O=C(OCCCCN1CCC(OCc2ccccc2)CC1)c1ccc(F)cc1,192
c1ccc(COC2CCN(CCCCO[*:1])CC2)cc1,O=C(c1cccc(Cl)c1)[*:1],CHEMBL389049,CHEMBL1914,O=C(OCCCCN1CCC(OCc2ccccc2)CC1)c1cccc(Cl)c1,192
c1ccc(COC2CCN(CCCCO[*:1])CC2)cc1,O=C(c1ccc(Cl)cc1)[*:1],CHEMBL389048,CHEMBL1914,O=C(OCCCCN1CCC(OCc2ccccc2)CC1)c1ccc(Cl)cc1,192
c1ccc(COC2CCN(CCCCO[*:1])CC2)cc1,O=C(c1cccc(F)c1)[*:1],CHEMBL228359,CHEMBL1914,O=C(OCCCCN1CCC(OCc2ccccc2)CC1)c1cccc(F)c1,192
c1ccc(COC2CCN(CCCCO[*:1])CC2)cc1,O=C(c1ccccc1)[*:1],CHEMBL228950,CHEMBL1914,O=C(OCCCCN1CCC(OCc2ccccc2)CC1)c1ccccc1,192
O=C(c1ccc2ccccc2c1)n1nc(O[*:1])c2ccccc21,C1CCN(CCC[*:1])CC1,CHEMBL4468385,CHEMBL1914,O=C(c1ccc2ccccc2c1)n1nc(OCCCN2CCCCC2)c2ccccc21,193
O=C(c1ccc2ccccc2c1)n1nc(O[*:1])c2ccccc21,C1CCN(CC[*:1])CC1,CHEMBL4435236,CHEMBL1914,O=C(c1ccc2ccccc2c1)n1nc(OCCN2CCCCC2)c2ccccc21,193
O=C(c1cccc(Cl)c1Cl)n1nc(O[*:1])c2ccccc21,C1CCN(CCC[*:1])CC1,CHEMBL4588777,CHEMBL1914,O=C(c1cccc(Cl)c1Cl)n1nc(OCCCN2CCCCC2)c2ccccc21,194
O=C(c1cccc(Cl)c1Cl)n1nc(O[*:1])c2ccccc21,C1CCN(CC[*:1])C1,CHEMBL4525824,CHEMBL1914,O=C(c1cccc(Cl)c1Cl)n1nc(OCCN2CCCC2)c2ccccc21,194
O=C(c1cccc(Cl)c1Cl)n1nc(O[*:1])c2ccccc21,C1CCN(CC[*:1])CC1,CHEMBL4445553,CHEMBL1914,O=C(c1cccc(Cl)c1Cl)n1nc(OCCN2CCCCC2)c2ccccc21,194
O=C(c1cccc2ccccc12)n1nc(O[*:1])c2ccccc21,C1CCN(CC[*:1])CC1,CHEMBL4461027,CHEMBL1914,O=C(c1cccc2ccccc12)n1nc(OCCN2CCCCC2)c2ccccc21,195
O=C(c1cccc2ccccc12)n1nc(O[*:1])c2ccccc21,C1CCN(CCC[*:1])CC1,CHEMBL4444855,CHEMBL1914,O=C(c1cccc2ccccc12)n1nc(OCCCN2CCCCC2)c2ccccc21,195
O=C(c1cccc2ccccc12)n1nc(O[*:1])c2ccccc21,C1CCN(CCC[*:1])C1,CHEMBL4476861,CHEMBL1914,O=C(c1cccc2ccccc12)n1nc(OCCCN2CCCC2)c2ccccc21,195
O=C(c1ccccc1Cl)n1nc(O[*:1])c2ccccc21,C1CCN(CCC[*:1])CC1,CHEMBL4539963,CHEMBL1914,O=C(c1ccccc1Cl)n1nc(OCCCN2CCCCC2)c2ccccc21,196
O=C(c1ccccc1Cl)n1nc(O[*:1])c2ccccc21,C1CCN(CC[*:1])C1,CHEMBL4540814,CHEMBL1914,O=C(c1ccccc1Cl)n1nc(OCCN2CCCC2)c2ccccc21,196
O=C(c1ccccc1OCc1ccccc1)n1nc(O[*:1])c2ccccc21,C1CCN(CC[*:1])C1,CHEMBL4531896,CHEMBL1914,O=C(c1ccccc1OCc1ccccc1)n1nc(OCCN2CCCC2)c2ccccc21,197
O=C(c1ccccc1OCc1ccccc1)n1nc(O[*:1])c2ccccc21,C1CCN(CCC[*:1])CC1,CHEMBL4584023,CHEMBL1914,O=C(c1ccccc1OCc1ccccc1)n1nc(OCCCN2CCCCC2)c2ccccc21,197
O=C1NCCCc2c1c1ccccc1n2CC[*:1],Fc1ccc([*:1])cc1,CHEMBL3919289,CHEMBL1914,O=C1NCCCc2c1c1ccccc1n2CCc1ccc(F)cc1,198
O=C1NCCCc2c1c1ccccc1n2CC[*:1],Fc1cccc([*:1])c1,CHEMBL3960040,CHEMBL1914,O=C1NCCCc2c1c1ccccc1n2CCc1cccc(F)c1,198
O=C1NCCCc2c1c1ccccc1n2CC[*:1],c1ccc([*:1])cc1,CHEMBL3971112,CHEMBL1914,O=C1NCCCc2c1c1ccccc1n2CCc1ccccc1,198
OC(CNc1ccc(-c2nc3ccccc3o2)cc1)CN[*:1],c1ccc([*:1])cc1,CHEMBL4572123,CHEMBL1914,OC(CNc1ccccc1)CNc1ccc(-c2nc3ccccc3o2)cc1,199
OC(CNc1ccc(-c2nc3ccccc3o2)cc1)CN[*:1],Clc1ccc([*:1])cc1,CHEMBL4456911,CHEMBL1914,OC(CNc1ccc(Cl)cc1)CNc1ccc(-c2nc3ccccc3o2)cc1,199
OC(CNc1ccc(-c2nc3ccccc3o2)cc1)CN[*:1],Oc1ccc([*:1])cc1,CHEMBL4448537,CHEMBL1914,Oc1ccc(NCC(O)CNc2ccc(-c3nc4ccccc4o3)cc2)cc1,199
c1ccc2c[n+](CCCCCCC[*:1])ccc2c1,c1cc[n+](CC[*:1])cc1,CHEMBL3093796,CHEMBL1914,c1cc[n+](CCCCCCCCC[n+]2ccc3ccccc3c2)cc1,200
c1ccc2c[n+](CCCCCCC[*:1])ccc2c1,c1cc[n+]([*:1])cc1,CHEMBL3093794,CHEMBL1914,c1cc[n+](CCCCCCC[n+]2ccc3ccccc3c2)cc1,200
c1ccc2c(c1)ccc[n+]2CCCCCCCCCC[*:1],c1cc[n+](CC[*:1])cc1,CHEMBL3093804,CHEMBL1914,c1cc[n+](CCCCCCCCCCCC[n+]2cccc3ccccc32)cc1,201
c1ccc2c(c1)ccc[n+]2CCCCCCCCCC[*:1],c1cc[n+]([*:1])cc1,CHEMBL3093802,CHEMBL1914,c1cc[n+](CCCCCCCCCC[n+]2cccc3ccccc32)cc1,201
c1ccc2c(c1)ccc[n+]2CCCCCCCCCC[*:1],c1ccc2c(c1)ccc[n+]2[*:1],CHEMBL225577,CHEMBL1914,c1ccc2c(c1)ccc[n+]2CCCCCCCCCC[n+]1cccc2ccccc21,201
c1ccc2c[n+](CCCCCCCC[*:1])ccc2c1,c1cc[n+](CC[*:1])cc1,CHEMBL3093797,CHEMBL1914,c1cc[n+](CCCCCCCCCC[n+]2ccc3ccccc3c2)cc1,202
c1ccc2c[n+](CCCCCCCC[*:1])ccc2c1,c1cc[n+](CCC[*:1])cc1,CHEMBL3093798,CHEMBL1914,c1cc[n+](CCCCCCCCCCC[n+]2ccc3ccccc3c2)cc1,202
c1ccc2c[n+](CCCCCCCC[*:1])ccc2c1,c1cc[n+]([*:1])cc1,CHEMBL3093795,CHEMBL1914,c1cc[n+](CCCCCCCC[n+]2ccc3ccccc3c2)cc1,202
c1ccc2c(c1)ccc[n+]2CCCCCCCCCCC[*:1],c1cc[n+]([*:1])cc1,CHEMBL3093803,CHEMBL1914,c1cc[n+](CCCCCCCCCCC[n+]2cccc3ccccc32)cc1,203
c1ccc2c(c1)ccc[n+]2CCCCCCCCCCC[*:1],c1ccc2c(c1)ccc[n+]2[*:1],CHEMBL105257,CHEMBL1914,c1ccc2c(c1)ccc[n+]2CCCCCCCCCCC[n+]1cccc2ccccc21,203
c1ccc2c(c1)ccc[n+]2CCCCCCC[*:1],c1cc[n+](CC[*:1])cc1,CHEMBL3093801,CHEMBL1914,c1cc[n+](CCCCCCCCC[n+]2cccc3ccccc32)cc1,204
c1ccc2c(c1)ccc[n+]2CCCCCCC[*:1],c1cc[n+]([*:1])cc1,CHEMBL3093799,CHEMBL1914,c1cc[n+](CCCCCCC[n+]2cccc3ccccc32)cc1,204
c1ccc(CN2CCC(Cn3cc(C[*:1])nn3)CC2)cc1,c1ccc2c([*:1])cccc2c1,CHEMBL4437391,CHEMBL1914,c1ccc(CN2CCC(Cn3cc(Cc4cccc5ccccc45)nn3)CC2)cc1,205
c1ccc(CN2CCC(Cn3cc(C[*:1])nn3)CC2)cc1,c1ccc2[nH]c(S[*:1])nc2c1,CHEMBL4446441,CHEMBL1914,c1ccc(CN2CCC(Cn3cc(CSc4nc5ccccc5[nH]4)nn3)CC2)cc1,205
c1ccc2c(N[*:1])c3c(nc2c1)CCCC3,[*:1],CHEMBL1337960_CHEMBL1677_CHEMBL95,CHEMBL1914,Nc1c2c(nc3ccccc13)CCCC2,206
c1ccc2c(N[*:1])c3c(nc2c1)CCCC3,c1ccc(C[*:1])nc1,CHEMBL4101886,CHEMBL1914,c1ccc(CNc2c3c(nc4ccccc24)CCCC3)nc1,206
